hour,cluster,StartLat,StartLon,weekday
0,0,25.005020947368422,55.15562305263158,1
0,1,25.22347525862069,55.32336705172414,1
0,2,25.141625349514563,55.25216500970874,1
0,3,25.276664058823528,55.31121359728507,1
0,4,25.116904671826624,55.202862585139314,1
0,5,25.506374,52.867615,1
0,6,25.19627331825796,55.27976167671692,1
0,7,25.085931348717946,55.149034502564106,1
0,8,25.277900876712327,55.364106246575346,1
0,9,25.12143585714286,55.40164428571428,1
0,10,25.244574768817206,55.2999623655914,1
0,11,25.24438536624776,55.361091400359065,1
0,12,25.075579508474576,55.30771798305085,1
0,13,25.061144196428568,55.217094214285716,1
0,14,25.210665025641024,55.411632948717944,1
0,15,25.226300807228917,55.2856184939759,1
0,16,25.275487384615385,55.419111717948724,1
0,17,25.259651325443787,55.32939717159764,1
0,18,25.19987555,55.24160156666667,1
0,19,25.074543946808507,55.129933845744674,1
0,20,25.132276125,55.122499624999996,1
0,21,25.15771231168831,55.40093228571428,1
0,22,25.1366630989011,55.18869205494505,1
0,23,25.259383158038148,55.29188551226158,1
0,24,24.950563600000002,55.067926,1
0,25,25.09881729378531,55.175038949152544,1
0,26,25.28822512857143,55.39642024285714,1
0,27,25.01322960869565,55.26634356521739,1
0,28,25.62819,55.19676,1
0,29,25.15116648076923,55.228221480769236,1
0,30,25.282370966019414,55.350085762135926,1
0,31,25.174848703703702,55.309579407407405,1
0,32,25.04540375757576,55.121197,1
0,33,24.990202333333333,55.38145533333333,1
0,34,25.10216748051948,55.23949090909091,1
0,35,25.228891911764705,55.42958570588235,1
0,36,25.227204686274508,55.38749988235294,1
0,37,25.294861019108282,55.37253775796179,1
0,38,25.109847457943925,55.14258498130841,1
0,39,25.233091738831614,55.274706807560136,1
0,40,25.248385336700338,55.35041367340067,1
0,41,25.115305946666666,55.37528278666667,1
0,42,25.26375071884984,55.32327902875399,1
0,43,25.03557848888889,55.15005995555555,1
0,44,25.03533275,55.1906103125,1
0,45,24.851828666666666,55.12367366666666,1
0,46,25.27804704278075,55.33069247593583,1
0,47,25.187012262886597,55.2632845,1
0,48,25.171235197802197,55.41279486813187,1
0,49,25.2250795,55.516321,1
0,50,25.199992940959408,55.270759579335795,1
0,51,24.962394285714286,55.14645514285714,1
0,52,25.237669513157897,55.30909146052631,1
0,53,25.2545146023166,55.30341563706564,1
0,54,25.213423682692305,55.25850496153846,1
0,55,25.04273393181818,55.241001363636364,1
0,56,25.213919370967744,55.27911069354838,1
0,57,25.167699125,55.24733115625,1
0,58,25.218903029411766,55.34985158823529,1
0,59,25.126839142857143,55.22845119047619,1
0,60,25.074711628691983,55.13938918987342,1
0,61,24.901588,54.94422,1
0,62,25.142940022727274,55.20826997727273,1
0,63,25.25926809090909,55.397642954545454,1
0,64,25.180934531914893,55.37986061702128,1
0,65,25.267066984848483,55.37676278787879,1
0,66,25.064922191489362,55.24287389361702,1
0,67,25.152724714285714,55.29423485714286,1
0,68,24.99177975,55.17679425,1
0,69,25.265884028776977,55.359202992805756,1
0,70,25.251715387878786,55.33386429090909,1
0,71,25.268555601694914,55.317235338983046,1
0,72,24.977095777777777,55.206924666666666,1
0,73,25.003137600000002,55.1041427,1
0,74,25.271429010482183,55.30409285324948,1
0,75,25.082854285714287,55.36937285714286,1
0,76,25.246479923076922,55.46911846153846,1
0,77,25.042000384615385,55.21581943589743,1
0,78,25.24619393939394,55.31342068181819,1
0,79,25.061323044776117,55.2022278358209,1
0,80,25.065222142857145,55.40505328571429,1
0,81,25.168993636363634,55.21715397727273,1
0,82,25.18682293939394,55.28315239393939,1
0,83,25.107691423529413,55.19373658823529,1
1,0,25.11604165543071,55.201450254681646,1
1,1,25.262591709016395,55.32494326639345,1
1,2,25.19581823715415,55.27923597233202,1
1,3,25.184801710526315,55.389920157894736,1
1,4,25.074422487179486,55.13241385641025,1
1,5,25.24466294851794,55.36115484555382,1
1,6,25.075889084507043,55.30823205633803,1
1,7,24.60367,54.709454,1
1,8,25.29518525,55.37309667307692,1
1,9,25.055045350877194,55.20333356140351,1
1,10,25.254672679487182,55.29315701923077,1
1,11,25.17661863265306,55.23212955102041,1
1,12,25.248357571428574,55.467349,1
1,13,25.09102936111111,55.14937391666667,1
1,14,25.090352375,55.385190875,1
1,15,25.003478500000003,55.16344019230769,1
1,16,25.146235757142858,55.251343242857146,1
1,17,25.23211448979592,55.27408007482993,1
1,18,25.2714982324159,55.30499219877676,1
1,19,25.09881975362319,55.17606422463768,1
1,20,25.16553881300813,55.407549951219515,1
1,21,25.266968057142858,55.35909507619047,1
1,22,24.984317,55.38436725,1
1,23,24.432632,54.372677,1
1,24,25.273389992125985,55.33084707086614,1
1,25,25.238919685714286,55.312626214285714,1
1,26,24.970513666666665,55.137498888888885,1
1,27,25.270152071428573,55.42416828571429,1
1,28,25.127354694444445,55.12045905555556,1
1,29,25.18696445394737,55.262336000000005,1
1,30,25.044429226415097,55.12001183018868,1
1,31,25.014565357142857,55.26567228571429,1
1,32,25.221494119047616,55.34461583333333,1
1,33,24.877093,55.1671208,1
1,34,25.0600010625,55.2414515625,1
1,35,25.213645,55.412016413793104,1
1,36,25.24858701712329,55.35070578424658,1
1,37,25.11654659322034,55.37748771186441,1
1,38,25.213760248730964,55.27942063451777,1
1,39,25.1777308,55.3086364,1
1,40,25.13107406451613,55.230841129032264,1
1,41,24.984875,55.0910526,1
1,42,25.20109193548387,55.24257851612903,1
1,43,25.300741208333335,55.34583370833334,1
1,44,25.26812123255814,55.37936627906977,1
1,45,25.152688965517243,55.207141965517245,1
1,46,25.29048091891892,55.39514489189189,1
1,47,25.243991512820514,55.300375179487176,1
1,48,25.109476166666667,55.142775944444445,1
1,49,25.13549992727273,55.1882376909091,1
1,50,25.265699801204818,55.31697873493975,1
1,51,25.128316466666668,55.4100418,1
1,52,25.244767109090912,55.27767434545455,1
1,53,25.18621353594771,55.2819948627451,1
1,54,25.223064722772275,55.28305396039604,1
1,55,25.032921125,55.1942328125,1
1,56,25.163619349999998,55.3684124,1
1,57,25.102969400000003,55.23646296,1
1,58,25.277712194444447,55.31176654861111,1
1,59,25.25386758181818,55.33176398181818,1
1,60,25.151685666666665,55.2970226,1
1,61,25.212926924242424,55.25758396969697,1
1,62,25.066479837209304,55.142742999999996,1
1,63,25.253659300578033,55.304320786127164,1
1,64,25.22861092,55.432904879999995,1
1,65,25.22873191304348,55.38789078260869,1
1,66,25.031550421052632,55.143521736842104,1
1,67,25.2279862,55.520631,1
1,68,25.262407277456646,55.29175896531792,1
1,69,24.911201,55.013702,1
1,70,24.979223333333334,55.204386,1
1,71,25.231710386363638,55.289903045454544,1
1,72,25.28053697794118,55.351910536764706,1
1,73,25.09364442857143,55.201191428571434,1
1,74,25.28651983018868,55.33060503773585,1
1,75,25.08051678125,55.146652197916666,1
1,76,25.173855,55.4560525,1
1,77,25.221419343283582,55.323755358208956,1
1,78,25.271764620689652,55.31946514367816,1
1,79,25.061845156862745,55.214719823529414,1
1,80,25.202512306666666,55.271033913333326,1
1,81,25.03953036,55.2234458,1
1,82,25.04163542857143,55.1622375,1
1,83,25.152014458333337,55.227014458333336,1
2,0,25.24303261445783,55.31033802409638,1
2,1,25.114463638297874,55.20495381914893,1
2,2,25.04592177419355,55.12062941935484,1
2,3,25.17090049090909,55.410301127272724,1
2,4,25.192331341772153,55.26602710126583,1
2,5,25.266846734042552,55.35943695744681,1
2,6,25.059741690909092,55.206982872727274,1
2,7,25.089916,55.14820977777778,1
2,8,25.276578606936415,55.31414820809248,1
2,9,25.230938135135137,55.289047513513516,1
2,10,25.072429684210523,55.30848539473684,1
2,11,25.244611082524273,55.360951446601945,1
2,12,25.112952656250002,55.37658371875,1
2,13,25.138533096774193,55.252869354838715,1
2,14,25.262212848341232,55.32571357819906,1
2,15,25.06900484722222,55.13830590277777,1
2,16,25.258947173913043,55.29160013043479,1
2,17,25.18438926470588,55.2951864117647,1
2,18,25.29762076,55.35025488,1
2,19,24.9554215,55.20919275,1
2,20,25.20027305479452,55.274868061643836,1
2,21,25.252203,55.4724416,1
2,22,25.15436805,55.225841349999996,1
2,23,25.002179117647056,55.16243576470588,1
2,24,25.199863315789475,55.24327984210527,1
2,25,25.287166814814814,55.396375222222225,1
2,26,25.21353610526316,55.2795662556391,1
2,27,25.215413368421054,55.414973368421045,1
2,28,25.128298222222224,55.120076481481476,1
2,29,25.094156272727272,55.187585454545456,1
2,30,25.047158,55.24751755555556,1
2,31,25.248644838427946,55.350838131004366,1
2,32,24.988235500000002,55.390638499999994,1
2,33,25.266266755319148,55.318765595744686,1
2,34,24.911201,55.013447,1
2,35,25.22308259090909,55.34443354545454,1
2,36,25.157377476190476,55.399888380952376,1
2,37,25.136892727272727,55.19126106060606,1
2,38,25.2163945,55.537548,1
2,39,25.234816234848484,55.275508371212126,1
2,40,25.222282575,55.3227032,1
2,41,24.867461,55.157728000000006,1
2,42,25.185327642857143,55.38857528571429,1
2,43,25.271580248995985,55.30493086746988,1
2,44,25.107633200000002,55.2413953,1
2,45,25.0436136,55.168050199999996,1
2,46,25.279398977272727,55.33731136363636,1
2,47,25.215986025,55.25507625,1
2,48,25.29469296923077,55.37502696923077,1
2,49,25.228267866666666,55.389106399999996,1
2,50,25.08573517647059,55.207469,1
2,51,25.07676354310345,55.132347534482754,1
2,52,25.268627139534882,55.37774676744186,1
2,53,25.244792797979798,55.30026806060606,1
2,54,25.18274687272727,55.27472423636364,1
2,55,25.255000794871798,55.302072153846154,1
2,56,25.107848454545454,55.14502543636364,1
2,57,25.1619417,55.20858930000001,1
2,58,25.1523201,55.2970878,1
2,59,24.984748500000002,55.088471,1
2,60,25.174784,55.45204,1
2,61,25.19247929447853,55.28118433742331,1
2,62,25.098939558139534,55.17559187209302,1
2,63,25.22904777777778,55.43345861111111,1
2,64,25.131525800000002,55.222925933333336,1
2,65,25.252044714285713,55.33428048571428,1
2,66,25.036103555555556,55.19617394444444,1
2,67,25.273815111111112,55.421019111111114,1
2,68,25.181032647058824,55.230422705882354,1
2,69,25.019430916666664,55.25883508333334,1
2,70,25.120240352941178,55.40082558823529,1
2,71,25.279463038095237,55.35069863809524,1
2,72,25.168784199999997,55.335276199999996,1
2,73,24.984673,55.022736,1
2,74,25.18355941304348,55.258376239130435,1
2,75,25.0449071,55.2190786,1
2,76,25.113328781818183,55.19365265454546,1
2,77,25.28786576,55.32414444,1
2,78,25.07857131372549,55.147619039215684,1
2,79,25.03211423076923,55.144597153846156,1
2,80,25.272209376470588,55.3281672117647,1
2,81,25.065383357142856,55.237591214285715,1
2,82,25.222753833333332,55.28156816666667,1
2,83,25.15458284,55.2507704,1
3,0,25.268007566666665,55.316897991666664,1
3,1,25.084173823529408,55.14756784313725,1
3,2,25.180229230769232,55.27327326923077,1
3,3,25.15948429268293,55.40308507317073,1
3,4,25.05700343902439,55.20881851219513,1
3,5,25.248408414201183,55.352246307692305,1
3,6,25.229582576271188,55.27206913559322,1
3,7,24.88493025,55.1554961875,1
3,8,25.11587619047619,55.20480519047619,1
3,9,25.288299571428574,55.39442923809524,1
3,10,25.254548039473683,55.30323182894736,1
3,11,25.2255639375,55.3915984375,1
3,12,24.999005166666667,55.16499541666667,1
3,13,25.299469583333334,55.34811075,1
3,14,24.9916795,55.395488,1
3,15,25.13831239285714,55.25251864285714,1
3,16,25.103207571428573,55.1488935,1
3,17,25.114983818181816,55.37453890909091,1
3,18,25.193273013333336,55.27918088,1
3,19,25.261680768292685,55.323446536585365,1
3,20,25.006892,55.29873,1
3,21,25.2213256,55.32922451428571,1
3,22,25.107575,55.181765,1
3,23,25.16015405882353,55.20816705882353,1
3,24,25.029707846153848,55.14731415384615,1
3,25,25.04437957142857,55.119877114285714,1
3,26,25.193052384615385,55.40641761538461,1
3,27,25.085228,55.314899000000004,1
3,28,25.268587356435646,55.32580672277228,1
3,29,25.266798079999997,55.377789320000005,1
3,30,25.25566730107527,55.29355823655914,1
3,31,25.066702333333335,55.24186475,1
3,32,24.91116,55.013466,1
3,33,25.21370340776699,55.277211126213594,1
3,34,25.236984894736842,55.278007649122806,1
3,35,25.188231186046515,55.26058937209302,1
3,36,25.22751963636364,55.43173518181818,1
3,37,25.2056564137931,55.24628944827586,1
3,38,25.29398327027027,55.3678967027027,1
3,39,25.1271188125,55.1235779375,1
3,40,25.267751746031745,55.358666809523804,1
3,41,25.160282666666664,55.30055616666667,1
3,42,25.24420372173913,55.36082017391304,1
3,43,25.03322211111111,55.19125733333333,1
3,44,25.076927236559143,55.13448134408602,1
3,45,25.128514999999997,55.41895683333333,1
3,46,25.1357963,55.19053735,1
3,47,25.1795218,55.448945800000004,1
3,48,25.041738,55.236916588235296,1
3,49,25.27464171428571,55.33192726530612,1
3,50,25.034133,55.435957,1
3,51,25.170950944444442,55.38768972222223,1
3,52,25.273908583333334,55.41422225,1
3,53,25.24892313333333,55.31290886666667,1
3,54,25.11274276470588,55.22864,1
3,55,25.262923703703706,55.291907567901234,1
3,56,25.178888454545458,55.23185863636363,1
3,57,25.086554,55.37454075,1
3,58,25.287661590909092,55.32766327272727,1
3,59,25.15064853333333,55.2284092,1
3,60,25.239446594594593,55.308189027027026,1
3,61,25.097838031746033,55.17669163492064,1
3,62,25.068676105263158,55.13888702631579,1
3,63,25.016555333333333,55.255379500000004,1
3,64,25.251238827586207,55.28317865517242,1
3,65,25.113886555555556,55.138371944444444,1
3,66,25.1219728125,55.39479375,1
3,67,25.20152659322034,55.27209183050847,1
3,68,25.170808636363635,55.41686872727273,1
3,69,25.15703364285714,55.251045714285716,1
3,70,25.277696090909092,55.313168829545454,1
3,71,25.249855822222223,55.344815044444445,1
3,72,25.226511088235295,55.2843955,1
3,73,24.974559666666664,55.203380333333335,1
3,74,25.2438898,55.2984628,1
3,75,25.189037794117645,55.28643889705882,1
3,76,25.170242666666667,55.40645518518519,1
3,77,25.25627564705882,55.3323035,1
3,78,25.16888,55.34339883333333,1
3,79,25.270920205882355,55.30598212941176,1
3,80,25.2966561,55.3806504,1
3,81,25.083092857142855,55.19737371428572,1
3,82,25.280269982758618,55.35098625862069,1
3,83,25.11517165853659,55.19436063414634,1
4,0,25.048878769230768,55.21502919230769,1
4,1,25.264949634920637,55.318989333333334,1
4,2,25.190171022727274,55.26355981818181,1
4,3,25.16006369047619,55.40033923809524,1
4,4,24.861786,56.91335,1
4,5,25.2720871,55.375639625,1
4,6,25.0207786,55.1362434,1
4,7,25.113476326923077,55.19997461538462,1
4,8,25.108962208333335,55.146274125,1
4,9,25.11464935714286,55.37499389285715,1
4,10,25.24864736,55.351854685,1
4,11,25.23548439506173,55.279998654320984,1
4,12,25.264485000000004,55.4310075,1
4,13,24.883403833333332,55.1551835,1
4,14,25.13965205128205,55.2526182051282,1
4,15,25.012152625,55.29469875,1
4,16,25.244666333333335,55.300670866666664,1
4,17,25.190154950617284,55.284054123456784,1
4,18,25.21047225,55.41291775,1
4,19,25.07530194871795,55.13436310256411,1
4,20,25.09849249090909,55.17599652727272,1
4,21,25.257494654761906,55.29992440476191,1
4,22,24.915922,55.006344,1
4,23,24.98111833333333,55.18217016666667,1
4,24,24.9885175,55.388618666666666,1
4,25,25.27049757142857,55.35211938095238,1
4,26,25.164037642857142,55.213831785714284,1
4,27,25.218477784313723,55.27992347058824,1
4,28,25.29614363414634,55.38068748780487,1
4,29,25.047905166666666,55.24626733333333,1
4,30,25.0878759,55.31186720000001,1
4,31,25.12646876923077,55.12156973076923,1
4,32,25.224682416666667,55.350492833333334,1
4,33,25.127415,55.34767975,1
4,34,25.048770214285714,55.13671507142857,1
4,35,25.28138003030303,55.33385396969697,1
4,36,25.046103315789473,55.11892084210526,1
4,37,25.224249,55.52768,1
4,38,25.100937090909095,55.244265636363636,1
4,39,25.276536490740742,55.314415287037036,1
4,40,25.03433981818182,55.157374000000004,1
4,41,25.227745705882352,55.384266823529416,1
4,42,25.2948628,55.3539765,1
4,43,25.265526420792078,55.36027661386139,1
4,44,25.244839230158732,55.36095723015873,1
4,45,25.243146857142857,55.31016678571429,1
4,46,25.12626708333333,55.21586291666667,1
4,47,25.278997357142856,55.41349292857143,1
4,48,25.271541936363636,55.3053779,1
4,49,25.209379000000002,55.24968204545455,1
4,50,25.122497133333336,55.40073433333334,1
4,51,25.271489289473685,55.32677884210527,1
4,52,25.17279733333333,55.241104,1
4,53,25.0847948,55.2021702,1
4,54,25.22324,55.472554333333335,1
4,55,25.06755361111111,55.23667872222222,1
4,56,25.255219399999998,55.3949704,1
4,57,25.1677212,55.40956731428571,1
4,58,25.18136147222222,55.27274519444445,1
4,59,25.1675249,55.3041369,1
4,60,25.035941400000002,55.188143466666666,1
4,61,25.287245388888888,55.397808166666664,1
4,62,25.0237414,55.24610259999999,1
4,63,25.2266745,55.318161214285716,1
4,64,25.279952316666666,55.350734833333334,1
4,65,25.229984428571427,55.271811371428576,1
4,66,24.98714,55.021793,1
4,67,25.25682838095238,55.289723104761904,1
4,68,25.091258666666665,55.38284633333333,1
4,69,24.840992,55.026684,1
4,70,25.224534083333335,55.42482666666667,1
4,71,25.003134222222222,55.160802000000004,1
4,72,25.202635555555553,55.34556555555556,1
4,73,25.18678909090909,55.39700281818182,1
4,74,25.084751365384616,55.14846209615385,1
4,75,25.129252142857144,55.23392571428571,1
4,76,25.293540295454545,55.36888475,1
4,77,25.063958545454547,55.20709913636363,1
4,78,25.2236538125,55.3347304375,1
4,79,25.261503674242423,55.32623668181818,1
4,80,25.139504666666667,55.19317222222222,1
4,81,25.206618916666667,55.271830666666666,1
4,82,25.155852099999997,55.2573846,1
4,83,25.251074666666668,55.33953161538461,1
5,0,25.254754028037382,55.30104456074766,1
5,1,25.097733490384616,55.17498101923077,1
5,2,25.14429523076923,55.389310769230775,1
5,3,25.27861831818182,55.31329690909091,1
5,4,25.24445717490494,55.36120436882129,1
5,5,25.016785133333332,55.25219046666667,1
5,6,25.190982840579707,55.26256660869565,1
5,7,25.29619796521739,55.38173209565217,1
5,8,25.013882000000002,55.13379388888889,1
5,9,25.15939627586207,55.24865272413793,1
5,10,25.058309921875,55.208906453125,1
5,11,25.23759922368421,55.27863446052631,1
5,12,25.073365282828284,55.13557028282828,1
5,13,25.224573071428573,55.43222178571428,1
5,14,25.065955,55.314158500000005,1
5,15,25.276524,55.36702665384616,1
5,16,25.120102,55.397472875,1
5,17,25.111859560975613,55.19105814634146,1
5,18,25.271573966666665,55.32142718888889,1
5,19,25.103026,55.14968,1
5,20,25.139586857142856,55.25190192857143,1
5,21,24.9837592,55.384912,1
5,22,25.18950835,55.395144,1
5,23,24.8813435,55.145579749999996,1
5,24,24.9708166,55.16716759999999,1
5,25,25.053455210526316,55.17570447368421,1
5,26,25.2675604,55.42940525,1
5,27,25.202026699999998,55.3454163,1
5,28,25.045792936170212,55.12891736170213,1
5,29,25.25901561904762,55.39174028571428,1
5,30,25.213793239130435,55.27688419565217,1
5,31,25.263091633663368,55.3272917029703,1
5,32,25.063608888888886,55.23801127777778,1
5,33,25.12866628,55.12395896,1
5,34,25.160163276595743,55.40517895744681,1
5,35,25.189889453125,55.284814203125,1
5,36,25.246313333333333,55.4837085,1
5,37,25.22389747619048,55.34144709523809,1
5,38,24.926941,55.031759,1
5,39,25.248693132978723,55.35166545744681,1
5,40,25.157226615384616,55.22430146153847,1
5,41,25.283578666666667,55.405841233333334,1
5,42,25.265490754385965,55.36008089473684,1
5,43,25.29354249411765,55.36818631764705,1
5,44,25.1302,55.23351413793103,1
5,45,25.006127250000002,55.29750391666667,1
5,46,25.27868243283582,55.33286352238806,1
5,47,25.227060352941177,55.387219,1
5,48,25.218007,55.25887924999999,1
5,49,25.085022661764707,55.147787720588234,1
5,50,25.164768,55.485363,1
5,51,25.11404751898734,55.20420103797468,1
5,52,25.271744375,55.37838025,1
5,53,25.25670673529412,55.28936155882353,1
5,54,24.9865025,55.202031,1
5,55,25.03742064,55.20850496,1
5,56,25.27155313333333,55.305057722222216,1
5,57,25.294969933333334,55.343923466666666,1
5,58,25.263753585106382,55.320284468085106,1
5,59,25.241513732394367,55.30418828169014,1
5,60,24.947101,55.2271535,1
5,61,25.221244499999997,55.54553,1
5,62,25.16615892307692,55.30344384615384,1
5,63,25.091559,55.316924,1
5,64,25.00088345,55.165754400000004,1
5,65,25.141078235294117,55.19463664705882,1
5,66,25.03665523076923,55.26527415384616,1
5,67,25.100004666666667,55.24457994444444,1
5,68,25.20191480952381,55.27117292857143,1
5,69,25.275587113207546,55.35082720754716,1
5,70,25.228508453333333,55.273753426666666,1
5,71,25.192363125,55.2384491875,1
5,72,25.042866,55.422363,1
5,73,25.03112592857143,55.15346385714286,1
5,74,25.0283352,55.1847877,1
5,75,25.170763785714286,55.405132095238095,1
5,76,25.21958343478261,55.32100286956522,1
5,77,25.25143771794872,55.33630769230769,1
5,78,25.225661261904765,55.28486183333334,1
5,79,25.090501133333337,55.379191066666664,1
5,80,25.114685333333334,55.374585384615386,1
5,81,25.11439523529412,55.139264294117645,1
5,82,25.182797226415094,55.2739559245283,1
5,83,25.212298363636364,55.41710736363636,1
6,0,25.296313813829787,55.38073293085106,1
6,1,25.141316576576575,55.25123728828829,1
6,2,25.097383005208332,55.17462684375,1
6,3,25.25435157894737,55.3014274502924,1
6,4,25.121221639999998,55.3991654,1
6,5,25.244327461187215,55.36119330821917,1
6,6,24.217197,55.68301,1
6,7,25.041617916666667,55.24970779166667,1
6,8,25.23753040909091,55.2783275530303,1
6,9,25.042212647058825,55.11683541176471,1
6,10,25.191631790697674,55.257883581395355,1
6,11,25.161101028169014,55.40069318309859,1
6,12,25.267627014778327,55.319684413793105,1
6,13,25.056864134615385,55.19916640384615,1
6,14,25.115603432584273,55.20534393258426,1
6,15,25.2257812,55.435581199999994,1
6,16,25.072596804123712,55.13972717525773,1
6,17,24.98794835714286,55.38656657142857,1
6,18,25.08720179166667,55.312182375,1
6,19,24.965475833333333,55.1451815,1
6,20,25.22151665822785,55.329864911392406,1
6,21,25.28772394594595,55.39389645945946,1
6,22,25.27984128125,55.33279485416667,1
6,23,25.229201083916085,55.27228239160839,1
6,24,24.9970675,55.171006,1
6,25,25.168623363636364,55.3031913030303,1
6,26,24.863143142857144,55.14554185714286,1
6,27,25.00881303846154,55.292448,1
6,28,25.179829333333334,55.23469253333334,1
6,29,25.22818592307692,55.38809825,1
6,30,24.8899485,55.03119,1
6,31,25.116075411764704,55.13940650980392,1
6,32,25.04421619047619,55.21963911904762,1
6,33,25.247814341666665,55.348715866666666,1
6,34,25.275191103825136,55.30863008743169,1
6,35,25.261292871794872,55.38341802564102,1
6,36,25.089561526315787,55.37257894736842,1
6,37,25.26678861904762,55.43342533333333,1
6,38,25.0043165625,55.1017875,1
6,39,25.06422704347826,55.239598065217386,1
6,40,25.18872408108108,55.2843872972973,1
6,41,25.294614751937985,55.36841179069767,1
6,42,25.266446919354838,55.35929222580645,1
6,43,25.25753177852349,55.2891099261745,1
6,44,25.128710423728812,55.23185879661017,1
6,45,25.16200821212121,55.24959172727273,1
6,46,25.0354945,55.183323,1
6,47,25.17593713333333,55.37481113333333,1
6,48,25.234247,55.55965,1
6,49,25.086366885714284,55.148437238095234,1
6,50,25.211770147826087,55.274288330434786,1
6,51,25.103450515151515,55.24486151515151,1
6,52,24.941658,55.21603366666667,1
6,53,25.24271939090909,55.30177094545454,1
6,54,25.02916232,55.14780876,1
6,55,24.9867944,55.20138453333333,1
6,56,25.27995032,55.352583239999994,1
6,57,25.238212847826087,55.31477958695652,1
6,58,25.15553013846154,55.22474003076923,1
6,59,25.2834395,55.408804870370375,1
6,60,25.1573965,55.488957,1
6,61,25.20657119354839,55.34726516129032,1
6,62,25.262169297560977,55.327264990243904,1
6,63,25.112080333333335,55.19207732258065,1
6,64,25.1160052,55.372259642857145,1
6,65,25.18883225714286,55.40156554285714,1
6,66,25.0146352,55.2561952,1
6,67,25.064493627118644,55.212331983050845,1
6,68,25.254711421052633,55.40196100000001,1
6,69,24.290796,55.73614,1
6,70,25.005356942857144,55.15220197142857,1
6,71,25.0456072,55.13618841538461,1
6,72,25.18213380392157,55.271160058823526,1
6,73,25.228094796296297,55.286165814814815,1
6,74,25.139950640000002,55.194805239999994,1
6,75,25.27433837894737,55.375332705263155,1
6,76,25.047461333333334,55.2790712,1
6,77,25.038617833333333,55.20231020833333,1
6,78,25.168346155555557,55.4158304,1
6,79,25.0569928,55.163435400000004,1
6,80,25.218608105263158,55.41454407894737,1
6,81,25.07198922222222,55.131447388888894,1
6,82,25.1962795,55.27011493181818,1
6,83,24.97104225,55.0825345,1
7,0,25.263180167053367,55.32440452204177,1
7,1,25.084010809116812,55.14755641310542,1
7,2,25.114598532467532,55.37484646103896,1
7,3,25.14938342105263,55.29692568421052,1
7,4,25.04277591851852,55.220136051851846,1
7,5,25.170595342105262,55.41393069736843,1
7,6,25.288030174311928,55.369025009174315,1
7,7,25.229914044642857,55.27199694196429,1
7,8,25.11316618888889,55.204418458333336,1
7,9,25.228199215277776,55.38885264583334,1
7,10,24.974177349999998,55.09080325,1
7,11,25.18818992672414,55.28122168965517,1
7,12,25.03248433121019,55.15245238853504,1
7,13,25.02778827118644,55.276038135593225,1
7,14,25.100492636363636,55.17534306397307,1
7,15,25.253985696682463,55.30099390995261,1
7,16,25.226382987012986,55.34250493506493,1
7,17,24.99067939393939,55.38438424242425,1
7,18,25.00324276190476,55.159102866666665,1
7,19,25.061298860714285,55.20906322142857,1
7,20,25.157067535294118,55.22604214705882,1
7,21,24.8629835,55.15876566666666,1
7,22,25.226141971830987,55.430358323943665,1
7,23,25.08446927586207,55.357427689655175,1
7,24,25.264988911764707,55.43536876470588,1
7,25,25.065664917910446,55.2388922761194,1
7,26,25.07179438031915,55.136922930851064,1
7,27,25.189486359375,55.240950859375,1
7,28,25.24477997104247,55.36009405984556,1
7,29,25.032092089285715,55.185308410714285,1
7,30,25.261714987179488,55.39203911538461,1
7,31,25.08820985,55.313590399999995,1
7,32,24.866216166666664,55.044398666666666,1
7,33,25.220263684210526,55.32335657894737,1
7,34,25.045377829493088,55.131447557603686,1
7,35,25.18239190277778,55.262095618055554,1
7,36,25.010906385714286,55.2534226,1
7,37,25.296162337047353,55.38164759610028,1
7,38,25.123517765625,55.400629671875,1
7,39,24.94560254545455,55.21811672727272,1
7,40,25.11184027058823,55.14321765882353,1
7,41,24.98444937037037,55.19511281481481,1
7,42,25.18020437037037,55.37542940740741,1
7,43,25.13966707317073,55.25279899390244,1
7,44,25.204449576271188,55.34606549152542,1
7,45,25.129788869047623,55.22792953571428,1
7,46,25.256508787148594,55.28890218072289,1
7,47,25.281489333333333,55.35019502631579,1
7,48,25.17466919117647,55.30643414705882,1
7,49,25.112404588,55.193366148,1
7,50,25.223141390243903,55.28147475121951,1
7,51,25.209702479591837,55.274142826530614,1
7,52,25.056672783783785,55.17886421621622,1
7,53,25.274072358108107,55.30693704054054,1
7,54,25.004652181818184,55.099087636363635,1
7,55,25.188456935897435,55.40029948717949,1
7,56,25.241193824840764,55.305262420382164,1
7,57,25.239820428571427,55.50738642857142,1
7,58,25.15863685123967,55.39949711570248,1
7,59,25.04039800617284,55.202370358024694,1
7,60,25.03824580952381,55.24815648809524,1
7,61,24.961331363636365,55.145512227272725,1
7,62,25.144123413043477,55.198706065217394,1
7,63,25.09166025,55.38425539583333,1
7,64,25.106556350515465,55.24846850515464,1
7,65,25.277838846153845,55.33167902797203,1
7,66,25.053974523809522,55.28101719047619,1
7,67,25.250027753968254,55.340163650793656,1
7,68,25.159063300751882,55.25012867669173,1
7,69,25.007591976744184,55.2968156744186,1
7,70,25.193962025362318,55.26488429347826,1
7,71,25.28355031205674,55.40938889361702,1
7,72,25.092047877906975,55.173166616279076,1
7,73,24.84361,54.89236,1
7,74,25.296423041666667,55.36768658928571,1
7,75,25.214054163636366,55.41702452727273,1
7,76,25.02265523076923,55.13728944871795,1
7,77,25.274005680722894,55.37567726506024,1
7,78,25.237377699481865,55.28047928497409,1
7,79,24.945706625,55.04156825,1
7,80,25.27178347368421,55.36145642105264,1
7,81,25.27155348497854,55.318310090128755,1
7,82,25.12592323809524,55.11619242857143,1
7,83,25.125834351851854,55.20900647222223,1
8,0,25.152697060606062,55.39748527272727,1
8,1,25.1011860642978,55.1753797428088,1
8,2,25.204769259615382,55.34535257692308,1
8,3,25.248752891050582,55.34638594941634,1
8,4,25.1896493507109,55.260671504739335,1
8,5,25.037622790476192,55.24393486666667,1
8,6,25.273023898172323,55.3257755535248,1
8,7,25.070184501466272,55.13605366129032,1
8,8,25.00189911956522,55.16220348369565,1
8,9,25.15531786458333,55.226762718749995,1
8,10,25.236029412868632,55.27452480965148,1
8,11,25.28321706547619,55.40813422023809,1
8,12,25.273329354679806,55.37749577832513,1
8,13,25.2567332295082,55.29010231420766,1
8,14,25.108273911602208,55.24961502209944,1
8,15,25.208878567901234,55.41978972839506,1
8,16,25.082392068965518,55.35511203448276,1
8,17,25.043288191011236,55.219964477528094,1
8,18,25.112351778082193,55.19349738082192,1
8,19,25.188959618004866,55.28375623844282,1
8,20,24.97491642857143,55.08907978571428,1
8,21,24.86716588888889,55.053161333333335,1
8,22,25.040312069767438,55.14168713953489,1
8,23,25.112019398876406,55.142519466292136,1
8,24,25.079167254480286,55.14541157706093,1
8,25,25.29347775404531,55.36737591909385,1
8,26,25.226762311926603,55.388331701834865,1
8,27,24.972211733333335,55.20668431111112,1
8,28,24.989501076923077,55.38303396153846,1
8,29,25.046896741935484,55.27828019354839,1
8,30,25.1902872991453,55.40104509401709,1
8,31,25.224092969465648,55.32890167938931,1
8,32,25.11770009248555,55.39046213294798,1
8,33,25.241424733441033,55.30630584329564,1
8,34,25.06565412820513,55.23926878974358,1
8,35,25.17494779054054,55.306535729729724,1
8,36,25.14277369369369,55.250828117117116,1
8,37,25.113202224489797,55.20479098185941,1
8,38,25.054287284403667,55.20131831651376,1
8,39,24.8786161875,55.1509019375,1
8,40,25.294924649635036,55.3820756459854,1
8,41,25.21461610165975,55.27662819709544,1
8,42,25.03588136875,55.2015281125,1
8,43,24.964059842105264,55.1448507368421,1
8,44,25.22590012295082,55.42919363114754,1
8,45,25.25432273264402,55.301367183161005,1
8,46,25.167021352601154,55.41104079190752,1
8,47,25.006000025641026,55.2940582051282,1
8,48,25.22830590909091,55.354469883116884,1
8,49,25.126264075862068,55.22595260689655,1
8,50,25.035471870588236,55.18116895294117,1
8,51,25.273275030395137,55.31095450455927,1
8,52,25.14256829411765,55.19770552941176,1
8,53,25.126129127118645,55.40541193220339,1
8,54,25.04620914137931,55.12838271724138,1
8,55,25.163191187096775,55.250911522580644,1
8,56,25.08938731873479,55.14915459610706,1
8,57,25.275367510309277,55.36619035051547,1
8,58,25.26177849636099,55.324834059679766,1
8,59,25.216348875,55.50802275,1
8,60,25.092962774049216,55.173338409395974,1
8,61,25.087784956521737,55.31724460869565,1
8,62,25.02703191011236,55.14851267415731,1
8,63,25.243959696741854,55.36134448370927,1
8,64,25.011647000000004,55.100535737704924,1
8,65,25.015466677419354,55.25619175268817,1
8,66,25.28038955462185,55.34849046218488,1
8,67,25.21569994,55.2591349,1
8,68,25.12758183838384,55.2082998080808,1
8,69,25.26148728205128,55.391950461538464,1
8,70,25.090082075949365,55.384680708860756,1
8,71,25.228038830303028,55.285774827272725,1
8,72,25.181998774086377,55.272844495016614,1
8,73,25.262366829787236,55.44119874468085,1
8,74,25.18134577419355,55.23631788172043,1
8,75,25.198273282258064,55.27155890591398,1
8,76,25.21216108490566,55.31726266981132,1
8,77,25.11536438164251,55.373561101449276,1
8,78,25.063478091836732,55.21234382653061,1
8,79,25.05403187951807,55.17373408433735,1
8,80,25.13156165625,55.12182596875,1
8,81,25.151832648648647,55.296239756756755,1
8,82,25.180362228070177,55.37422117543859,1
8,83,24.932347333333336,55.01924916666667,1
9,0,25.25428030689655,55.3329929724138,1
9,1,25.09338967539267,55.17460811518325,1
9,2,25.182213436578174,55.27456400294985,1
9,3,25.027622244813276,55.14648478838174,1
9,4,25.120619285714287,55.35728639285714,1
9,5,25.040148342281878,55.20152809395973,1
9,6,25.227041468421053,55.38797472631579,1
9,7,25.252120006172838,55.3018396095679,1
9,8,25.126157484931507,55.21404492328767,1
9,9,25.071069667802384,55.141467117546846,1
9,10,25.22364317891374,55.278604747603836,1
9,11,25.275440812297735,55.372590485436895,1
9,12,25.16708215730337,55.40760823595505,1
9,13,24.966478644444447,55.1457308,1
9,14,25.220450083333333,55.32001714285714,1
9,15,24.988783761904763,55.381266714285715,1
9,16,25.127508098360657,55.11897180327868,1
9,17,25.014507278481013,55.2506386835443,1
9,18,25.108586872611465,55.24748860509554,1
9,19,25.17718137579618,55.23818888535032,1
9,20,25.114873920454546,55.380596215909094,1
9,21,25.002521847058823,55.16247742352941,1
9,22,25.26287202631579,55.431810842105264,1
9,23,24.863808352941177,55.06382258823529,1
9,24,25.293539892857144,55.36651139285714,1
9,25,25.189618040339703,55.28419500212314,1
9,26,25.042233633333332,55.22234631111111,1
9,27,24.97472842105263,55.08947268421053,1
9,28,25.233352184397162,55.36265522695035,1
9,29,25.112590645333334,55.193045392,1
9,30,25.086357452970297,55.148886407178225,1
9,31,25.222405975,55.42449785833333,1
9,32,25.276195658653844,55.329396557692306,1
9,33,25.15714210067114,55.251602523489936,1
9,34,25.174914227979272,55.306699295336784,1
9,35,25.238205733333334,55.48560233333333,1
9,36,25.294765076923078,55.38294108119658,1
9,37,25.065580165048544,55.239028742718446,1
9,38,25.20132128664495,55.27159909771987,1
9,39,25.236800129310346,55.27377357183908,1
9,40,25.042897698275862,55.11859505172414,1
9,41,25.124774364130438,55.40328717934783,1
9,42,25.240122153333335,55.308124882222224,1
9,43,25.11422809871245,55.14385024463519,1
9,44,25.153813461805555,55.228485659722224,1
9,45,24.972728670886077,55.20564037974684,1
9,46,25.085956294117647,55.314797235294115,1
9,47,25.275276976744184,55.30817615813953,1
9,48,25.113563295634922,55.20405298412698,1
9,49,25.246990704918034,55.353998914754094,1
9,50,25.191521113636362,55.265305381118885,1
9,51,25.28382414893617,55.40795478014184,1
9,52,25.189094368421053,55.428290921052636,1
9,53,25.03303281981982,55.185216198198205,1
9,54,25.13894194047619,55.19409042857143,1
9,55,25.189142826666668,55.4016642,1
9,56,25.223157873737375,55.334808055555555,1
9,57,25.205736963855422,55.346548253012045,1
9,58,25.06031943730887,55.20768071253823,1
9,59,25.26470515600624,55.322206104524184,1
9,60,25.10169772740741,55.1745402562963,1
9,61,25.151182295454543,55.29491515909091,1
9,62,25.149106688524594,55.395903049180326,1
9,63,25.00988504347826,55.29290980434783,1
9,64,25.21309963354037,55.27655981987578,1
9,65,25.26278537410072,55.39207235971223,1
9,66,25.089449221052632,55.379506400000004,1
9,67,25.045614555172413,55.1352784862069,1
9,68,24.949221454545455,55.025133545454544,1
9,69,25.208993921568627,55.25275678431373,1
9,70,25.138509517045453,55.24973845454545,1
9,71,25.074699599206348,55.133487732142854,1
9,72,25.15798870967742,55.21151829032258,1
9,73,25.25640902702703,55.29117285749386,1
9,74,25.006906092592594,55.09833479629629,1
9,75,24.8665356,55.1442814,1
9,76,25.042130372093023,55.257991220930236,1
9,77,25.18119836923077,55.373168846153845,1
9,78,25.163632777777778,55.51177122222222,1
9,79,25.265470097826086,55.361187423913044,1
9,80,25.05625747727273,55.172754090909095,1
9,81,25.279879694610777,55.34933079041916,1
9,82,25.23127022966507,55.288384282296654,1
9,83,25.183984099630994,55.26012608118081,1
10,0,25.089749177777776,55.31345375555556,1
10,1,25.218217124401914,55.32573087559808,1
10,2,25.10158931888545,55.179440102167185,1
10,3,25.246039962382447,55.35571511598746,1
10,4,25.09071974747475,55.14995767676768,1
10,5,25.189894223198593,55.26102393848858,1
10,6,25.05541403125,55.20117519642857,1
10,7,25.123501856115105,55.40263971223021,1
10,8,25.265554004608294,55.32333943625191,1
10,9,24.964842545454545,55.14476559090909,1
10,10,25.153587805194803,55.22844601948052,1
10,11,25.29323303409091,55.36671755681818,1
10,12,25.04599387861272,55.13513313872833,1
10,13,25.21468575048356,55.277504675048355,1
10,14,25.12869036915888,55.21001818691588,1
10,15,25.28474208695652,55.4075178,1
10,16,25.187968480392158,55.41269903921568,1
10,17,25.065964195652175,55.241057820652166,1
10,18,25.071395223665228,55.13563508080808,1
10,19,24.49179,54.649265,1
10,20,25.248579035911604,55.297296270718235,1
10,21,25.034805037037035,55.19495264197531,1
10,22,24.975362063829785,55.0890129787234,1
10,23,25.188580058139536,55.286860639534886,1
10,24,25.21970313043478,55.41330562318841,1
10,25,25.00773822580645,55.294516064516124,1
10,26,25.112368992857142,55.143565071428576,1
10,27,25.107118547445253,55.24767428467153,1
10,28,25.089616884615385,55.37840855128205,1
10,29,25.041512337662336,55.22074833116883,1
10,30,24.85912627272727,55.064434000000006,1
10,31,24.970646147540982,55.206182852459015,1
10,32,25.112028693548385,55.2047257281106,1
10,33,25.227938275618374,55.28622448056537,1
10,34,25.001383984732826,55.161349870229,1
10,35,25.20317952173913,55.34616789130435,1
10,36,25.147205059288538,55.25086598023715,1
10,37,24.991619419354837,55.385398096774196,1
10,38,25.285030192307694,55.32568369230769,1
10,39,25.20514384269663,55.26547793258427,1
10,40,25.24133538866397,55.27786882186235,1
10,41,25.114605190721647,55.37625692268041,1
10,42,25.25271403785489,55.335438318611985,1
10,43,24.9113393,55.0028021,1
10,44,25.181946252032517,55.27241153116531,1
10,45,25.242346078125,55.30977239453125,1
10,46,25.263436817567566,55.39077846621622,1
10,47,25.176974585798817,55.23947797633136,1
10,48,25.227986691823897,55.385739666666666,1
10,49,25.044475214285715,55.24755448571428,1
10,50,25.177717046875,55.3703826875,1
10,51,25.156075642857143,55.490903,1
10,52,25.15178733333333,55.292558916666664,1
10,53,25.27585146511628,55.35454391860465,1
10,54,25.041295198019803,55.117316841584156,1
10,55,25.274589211864406,55.37490077118644,1
10,56,25.125883848101264,55.11930453164557,1
10,57,25.273053315018316,55.30688553113553,1
10,58,25.139373258620687,55.19393431034483,1
10,59,25.242989,55.4761184,1
10,60,25.294914601809953,55.38257202262444,1
10,61,24.979813375,55.02730675,1
10,62,25.23138907142857,55.3193961092437,1
10,63,25.039481153846154,55.27514964102564,1
10,64,25.052549,55.167585973684204,1
10,65,25.22713757627119,55.35169254237288,1
10,66,25.028111593406596,55.148176164835164,1
10,67,25.174612133333333,55.30768611111111,1
10,68,25.11476378846154,55.194868648351644,1
10,69,25.230696211320755,55.26994803018868,1
10,70,25.12314620833333,55.224279595238094,1
10,71,25.097452218106998,55.171878336076816,1
10,72,25.25960492962963,55.29111191481481,1
10,73,24.881510249999998,55.138934625,1
10,74,25.26006803125,55.42606284375,1
10,75,25.079699766454354,55.14602064543524,1
10,76,25.062889257731957,55.21276275257732,1
10,77,25.195429162303665,55.27679363612565,1
10,78,25.22635073770492,55.43160203278689,1
10,79,25.01626994871795,55.24967584615384,1
10,80,25.007978108695653,55.09842263043479,1
10,81,25.162968788235293,55.21386312941176,1
10,82,25.162451577235775,55.40470418292683,1
10,83,25.25575350285714,55.30429078,1
11,0,25.18866099099099,55.28084316666667,1
11,1,25.099829645502645,55.16222696296296,1
11,2,25.274293440140845,55.355384112676056,1
11,3,25.128795103260867,55.22485820652174,1
11,4,25.127177053571426,55.41648803571429,1
11,5,25.02792873015873,55.149307150793646,1
11,6,25.034531404411762,55.19701934558823,1
11,7,25.239187601694915,55.297618538135595,1
11,8,25.21699506451613,55.41370559677419,1
11,9,25.07484171969697,55.13295393686869,1
11,10,26.587326,55.87304,1
11,11,24.9145519,55.0138108,1
11,12,25.294000915343915,55.38322814285715,1
11,13,25.116176734104044,55.37444815028902,1
11,14,25.012672622641507,55.29200060377359,1
11,15,25.215208663461535,55.320125624999996,1
11,16,25.218924844978165,55.28048017903931,1
11,17,25.11343683838384,55.19361681144781,1
11,18,25.2443362007722,55.35681775289575,1
11,19,25.059362813084114,55.244199728971964,1
11,20,25.11155130769231,55.142737804195804,1
11,21,25.263580396825397,55.392362960317456,1
11,22,25.266536121559632,55.31905141972477,1
11,23,25.16140112307692,55.40051403846154,1
11,24,25.187449081232494,55.262935376750704,1
11,25,24.967600428571426,55.20365866666667,1
11,26,25.04607129661017,55.13541942372882,1
11,27,25.001627073170734,55.09943331707317,1
11,28,25.105957530726254,55.24510245810056,1
11,29,24.9899499,55.3835265,1
11,30,25.161255707317075,55.211269646341464,1
11,31,25.1532371637931,55.22853957327586,1
11,32,25.0544398277512,55.20321081339713,1
11,33,25.020282969387758,55.25570601020408,1
11,34,24.617489,54.732006,1
11,35,25.089836469387755,55.31245440816326,1
11,36,25.098311253793103,55.17548632551724,1
11,37,25.284919579710145,55.4065937173913,1
11,38,25.11228098639456,55.39567911564626,1
11,39,25.113398462890625,55.20518738476562,1
11,40,25.228678516245488,55.32475435740072,1
11,41,25.17809055725191,55.306435496183205,1
11,42,25.272656446483182,55.30470788073395,1
11,43,25.239873600000003,55.47505833333333,1
11,44,25.204929911290325,55.27285971774194,1
11,45,24.845357333333336,55.0723805,1
11,46,25.22902471707317,55.26671382926829,1
11,47,25.218184146198833,55.35007461988304,1
11,48,25.155342576642337,55.250519912408755,1
11,49,25.26026634375,55.42727246875,1
11,50,24.9708155,55.086353725,1
11,51,25.274497981818183,55.37454721818182,1
11,52,25.12916974874372,55.20889543216081,1
11,53,25.236357296398893,55.27894472853186,1
11,54,25.248918643564355,55.33989151980198,1
11,55,25.08488853952569,55.14775077667984,1
11,56,24.982617575,55.168389675,1
11,57,25.22739932317073,55.386208749999994,1
11,58,25.13922771014493,55.1915107173913,1
11,59,25.159343444444445,55.50606555555556,1
11,60,25.256481340625,55.289557040625006,1
11,61,25.05055353030303,55.17385942424242,1
11,62,25.13016906034483,55.12080861206897,1
11,63,25.044393864661654,55.22350715789474,1
11,64,25.175309907284767,55.23849623841059,1
11,65,25.138153566929134,55.251011409448815,1
11,66,25.003561047619048,55.15285880952381,1
11,67,25.1891002,55.4014452,1
11,68,25.172977875,55.417415898437504,1
11,69,25.087345790322583,55.37961337096774,1
11,70,25.241560493243245,55.312074233108106,1
11,71,25.178439161764707,55.373005647058825,1
11,72,25.070920028169017,55.141170498591556,1
11,73,25.1539071,55.3032483,1
11,74,25.066626451456308,55.211308490291266,1
11,75,24.8594076,55.1592026,1
11,76,25.293845333333334,55.366084785714285,1
11,77,25.22630973255814,55.43093834883721,1
11,78,25.04192200819672,55.11667905737705,1
11,79,25.26100865879265,55.32906718372704,1
11,80,25.28194904191617,55.32587794011976,1
11,81,24.97873842857143,55.029377857142855,1
11,82,25.25438117697228,55.30202420682303,1
11,83,25.204077674418603,55.24641725581395,1
12,0,25.227526802631576,55.388456368421046,1
12,1,25.075273969283277,55.14839890784983,1
12,2,25.214186639917695,55.277464028806584,1
12,3,25.11548287591241,55.372956554744526,1
12,4,25.066925774725274,55.21509111538462,1
12,5,25.270457080508475,55.3290062118644,1
12,6,25.122055206703912,55.223757871508376,1
12,7,25.02883161983471,55.1457231570248,1
12,8,25.188019204986148,55.28461178393352,1
12,9,25.252332924757283,55.30277041019417,1
12,10,25.293159322077923,55.3729432961039,1
12,11,25.1643092,55.40795474090909,1
12,12,25.110801494252872,55.18753445977011,1
12,13,25.00848964814815,55.294461,1
12,14,25.225674888,55.351669296,1
12,15,24.988427,55.38437422222223,1
12,16,25.152288357142858,55.228554446428575,1
12,17,24.858352076923076,55.07042392307692,1
12,18,25.130240108108108,55.12016362162162,1
12,19,25.03528477037037,55.19620841481481,1
12,20,24.97037489189189,55.08118935135135,1
12,21,25.24615694117647,55.46082235294118,1
12,22,25.202766682352944,55.34509157647059,1
12,23,25.227423754901963,55.28590723202615,1
12,24,25.099831082508253,55.16236664026402,1
12,25,25.113576139449542,55.201942811009175,1
12,26,25.04104076190476,55.27369882539683,1
12,27,25.08843375,55.314150517857136,1
12,28,25.112362677018634,55.14300972981366,1
12,29,25.04277226724138,55.12209193534483,1
12,30,25.2657202,55.390165180000004,1
12,31,24.877248833333336,55.142138916666674,1
12,32,25.21468759090909,55.31942643636364,1
12,33,25.128012420289853,55.416975782608695,1
12,34,25.19280523655914,55.23830689247311,1
12,35,25.14604686729858,55.25024841232228,1
12,36,24.968865235294118,55.14577358823529,1
12,37,25.169217424657532,55.30310124657534,1
12,38,25.054948348739497,55.20358530672269,1
12,39,25.10728538116592,55.24665346636771,1
12,40,25.145704227642277,55.209974967479674,1
12,41,25.242486038022815,55.362286250950575,1
12,42,25.19019822222222,55.40518056790124,1
12,43,25.270577446153844,55.30241803076923,1
12,44,25.239672394495415,55.30793597859327,1
12,45,25.214376369696968,55.258518878787875,1
12,46,25.161791307692308,55.510934846153845,1
12,47,25.283453030075187,55.31679734586466,1
12,48,25.271403860377358,55.36733708301887,1
12,49,25.189528407920793,55.261487093069306,1
12,50,25.097793684931506,55.17504917808219,1
12,51,24.968074243243244,55.202029027027024,1
12,52,25.181318119402984,55.270562325373135,1
12,53,24.999486553398057,55.16236944660194,1
12,54,25.17601343661972,55.37485147887324,1
12,55,25.23604830456853,55.27301159390863,1
12,56,25.284744685714283,55.403576785714286,1
12,57,25.282074171270715,55.348791475138114,1
12,58,25.0505030625,55.1720941,1
12,59,24.758852,54.841377,1
12,60,25.22858884228188,55.323768436241615,1
12,61,25.21823594117647,55.42085229411765,1
12,62,25.0055361875,55.096424125,1
12,63,25.116714228571432,55.393403611428575,1
12,64,25.165447861111108,55.213833083333334,1
12,65,25.255752514285714,55.290819709090904,1
12,66,24.816402,55.231155,1
12,67,25.07258625,55.135500605555556,1
12,68,25.24785009589041,55.347915972602735,1
12,69,24.982043285714287,55.02403928571429,1
12,70,25.171296074074075,55.24154988271604,1
12,71,25.039105362831858,55.225627522123894,1
12,72,25.251896910714287,55.42092733928571,1
12,73,25.13858989375,55.19082259375,1
12,74,25.255031920863306,55.33043974820144,1
12,75,25.265158291571755,55.31934955353075,1
12,76,25.014204035714283,55.253182089285716,1
12,77,25.08823884375,55.385280875,1
12,78,25.059904570281123,55.24358765863454,1
12,79,24.8846275,55.322885,1
12,80,25.198179375,55.27570308984375,1
12,81,25.126786986842106,55.20911903289474,1
12,82,24.9161394,55.013876,1
12,83,25.088495944598336,55.146425844875345,1
13,0,25.111830136212625,55.142447096345514,1
13,1,25.21837341798942,55.348149164021166,1
13,2,25.146685360824744,55.25038875773196,1
13,3,25.00704255172414,55.29199437931034,1
13,4,25.076911542168677,55.181223084337354,1
13,5,25.258228084592147,55.29254486102719,1
13,6,25.21672427160494,55.414641753086414,1
13,7,25.196754070454546,55.279687836363635,1
13,8,25.1148259375,55.39469163541667,1
13,9,25.293659937984497,55.38398975193798,1
13,10,25.04839710909091,55.16938869090909,1
13,11,25.120415306878307,55.22184855026455,1
13,12,24.9179265,55.010905125,1
13,13,25.06899532240437,55.15055082513661,1
13,14,25.09871293006993,55.17226003356644,1
13,15,25.062485813333332,55.24105621333334,1
13,16,24.97602887804878,55.080082536585365,1
13,17,25.1082638203125,55.18670464453125,1
13,18,25.27058418343195,55.36181421893491,1
13,19,25.22862839222615,55.28567391166078,1
13,20,24.99860508108108,55.16454205405405,1
13,21,25.02961232061069,55.14698674809161,1
13,22,25.25261736933798,55.33509154006968,1
13,23,25.087924108433736,55.31484212048193,1
13,24,25.188631555555553,55.26095475163399,1
13,25,25.245070033450705,55.357023670774645,1
13,26,24.863726230769227,55.159426076923076,1
13,27,25.13108403333333,55.41510398333333,1
13,28,25.235187267123287,55.318633246575345,1
13,29,25.038651833333333,55.22294878571429,1
13,30,25.229447750000002,55.432698565217386,1
13,31,25.180476357142858,55.3721048,1
13,32,24.990421538461536,55.38354507692308,1
13,33,25.17532114728682,55.30839348837209,1
13,34,25.05789482698962,55.207520512110726,1
13,35,25.152255951492535,55.22817215671641,1
13,36,25.015939925373132,55.10656543283582,1
13,37,24.9692931025641,55.19944525641026,1
13,38,25.291865336633663,55.36730641584158,1
13,39,25.16132236423841,55.21282910596026,1
13,40,25.13976120588235,55.19284810294117,1
13,41,25.096955466666667,55.24381844166667,1
13,42,25.20403858888889,55.24607202222222,1
13,43,25.187506443877552,55.28799076530613,1
13,44,25.013188521008402,55.25329178151261,1
13,45,25.252830203703702,55.41224614814815,1
13,46,25.116238489361702,55.37287074468085,1
13,47,25.128385972222222,55.11962396296297,1
13,48,25.073808115120276,55.1353943161512,1
13,49,25.26642049380531,55.32259740707964,1
13,50,25.283139678321678,55.40682716783217,1
13,51,25.21892183139535,55.323875982558135,1
13,52,25.18733993478261,55.43332882608696,1
13,53,25.03855132,55.194262126666665,1
13,54,25.21454487437186,55.278321032663314,1
13,55,25.173343651162792,55.24081135271317,1
13,56,25.07546603571429,55.2217323125,1
13,57,25.229950436363634,55.26772092272727,1
13,58,25.1315000896861,55.21034317488789,1
13,59,25.117683569536425,55.25112005960265,1
13,60,25.11392914548495,55.20220722909699,1
13,61,25.042907,55.24567994615385,1
13,62,25.2324505,55.529475000000005,1
13,63,25.272812473404255,55.305042093085106,1
13,64,25.172975768924303,55.40780993625498,1
13,65,25.228753472727274,55.39095144545455,1
13,66,24.967286545454545,55.1413145,1
13,67,25.032637575000003,55.276453687499995,1
13,68,25.282577032258065,55.343761838709675,1
13,69,25.25291372077922,55.30359438311688,1
13,70,25.14732070588235,55.37913711764706,1
13,71,25.15149811111111,55.29436044444444,1
13,72,25.183499210191084,55.273766525477704,1
13,73,25.268640919075146,55.38035437572254,1
13,74,25.15028992307692,55.48500215384615,1
13,75,25.088513521327013,55.14897731042654,1
13,76,25.252102813953492,55.45226790697675,1
13,77,25.087434103448274,55.384007000000004,1
13,78,25.243062848623854,55.278201990825686,1
13,79,25.044372524861878,55.122576248618785,1
13,80,25.240787821292773,55.30279328136882,1
13,81,25.204340180212014,55.267880466431095,1
13,82,24.85694,55.0478158,1
13,83,25.218797703703704,55.370192518518515,1
14,0,25.198318141776937,55.27780501890359,1
14,1,-38.109,145.195,1
14,2,25.118660326488705,55.20266764887064,1
14,3,25.24208319921875,55.3608229921875,1
14,4,25.022156754385964,55.14178201754386,1
14,5,25.08667549484536,55.38498212371134,1
14,6,25.057074481781378,55.243599352226724,1
14,7,25.072710156060605,55.137239703030296,1
14,8,25.26494972319202,55.32407433167083,1
14,9,25.27726109448819,55.37238188976378,1
14,10,25.155482227272728,55.229673510101016,1
14,11,25.17857285714286,55.45011328571429,1
14,12,25.097685105050505,55.174857892929296,1
14,13,24.962841360000002,55.057588880000004,1
14,14,25.037131414285714,55.19439323571429,1
14,15,25.2300755,55.28760909042554,1
14,16,25.216333989010987,55.41653261538461,1
14,17,25.110241678832118,55.14187097445256,1
14,18,25.116078945454547,55.250594590909095,1
14,19,25.139128195121952,55.38550985365853,1
14,20,25.235138787545786,55.27189201098901,1
14,21,24.966761789473683,55.14581621052632,1
14,22,25.218768736842105,55.32517054887219,1
14,23,24.891601545454545,55.09711990909091,1
14,24,25.183099109215014,55.26988442320819,1
14,25,24.993676727272728,55.38247363636364,1
14,26,25.042842788888887,55.119993694444446,1
14,27,24.914745681818182,55.00734136363636,1
14,28,25.257289303333334,55.29220102666666,1
14,29,25.02822407142857,55.27386892857143,1
14,30,25.058480139240505,55.20992404430379,1
14,31,25.176565197115387,55.23882135096154,1
14,32,25.088317625,55.316202950000005,1
14,33,25.170284741573035,55.4149517752809,1
14,34,25.145947948571425,55.24994568571429,1
14,35,25.115945995918366,55.38275011428572,1
14,36,25.17688190566038,55.30687581132075,1
14,37,24.984758106060607,55.1794711060606,1
14,38,25.085116335,55.1483836725,1
14,39,25.139093149425285,55.194107344827586,1
14,40,25.21567530465116,55.27914076046511,1
14,41,25.233519803921567,55.31795356372549,1
14,42,25.10094773553719,55.24203269421487,1
14,43,25.127989382978726,55.11848179787234,1
14,44,25.195556738095238,55.37638583333333,1
14,45,25.234732307692305,55.43702927692308,1
14,46,25.248545106598986,55.34493606598985,1
14,47,25.211267176470585,55.25652582843137,1
14,48,25.09965961732852,55.161385783393506,1
14,49,24.880708344827585,55.158653379310344,1
14,50,25.28388749462366,55.406992397849464,1
14,51,25.038744807017544,55.225673149122805,1
14,52,25.247204418781727,55.30382234771574,1
14,53,25.059422302325583,55.17670443023256,1
14,54,25.005483375,55.29527695833334,1
14,55,25.03933044,55.153980929999996,1
14,56,25.126377238095237,55.4140883452381,1
14,57,25.28499234848485,55.34353061363636,1
14,58,25.056045846153847,55.27539184615385,1
14,59,25.104509534391532,55.20191826984127,1
14,60,25.141119653543306,55.221921196850396,1
14,61,25.189345378289474,55.260468233552636,1
14,62,25.218446812499998,55.35105904375,1
14,63,25.17209668181818,55.35570772727272,1
14,64,25.162022225,55.4009177,1
14,65,25.01555956716418,55.25115719402985,1
14,66,25.264763872180453,55.361968458646615,1
14,67,25.078849586956522,55.23562266304348,1
14,68,25.12186686627907,55.219738406976745,1
14,69,25.232783333333334,55.499224999999996,1
14,70,25.260912940298507,55.392991686567164,1
14,71,25.273983565543073,55.30568886142322,1
14,72,25.294243433333335,55.373835766666666,1
14,73,24.99385645454545,55.093188181818185,1
14,74,25.151961294117648,55.29093661764706,1
14,75,25.16357711764706,55.21116259663865,1
14,76,24.961147625,55.206225958333334,1
14,77,25.11009485380117,55.18312770175439,1
14,78,25.003350014492753,55.15891439130435,1
14,79,25.12998846511628,55.15140765116279,1
14,80,25.22930495454545,55.389131,1
14,81,25.358551,55.509933,1
14,82,25.18742640909091,55.28390754545455,1
14,83,25.189546123076923,55.405645507692306,1
15,0,25.164536162790696,55.21317827906977,1
15,1,25.197256378453037,55.279059088397794,1
15,2,25.24629467692308,55.355827934615384,1
15,3,25.034314527272727,55.20379029090909,1
15,4,25.115129072,55.374052592,1
15,5,25.085019040816327,55.149241027210884,1
15,6,24.96583254347826,55.081020456521735,1
15,7,25.251367783950617,55.30419511111111,1
15,8,25.099782414893617,55.24168205319149,1
15,9,25.190533409090907,55.40106159090909,1
15,10,25.004682384615386,55.11554769230769,1
15,11,25.281999421568628,55.34329826470588,1
15,12,25.107966270833334,55.19894064583334,1
15,13,24.91669072222222,55.00988183333333,1
15,14,25.00658365625,55.29669159375,1
15,15,25.237585389312976,55.27476151908397,1
15,16,24.435335,54.564507,1
15,17,25.113628742424243,55.14367988383838,1
15,18,25.146677762711864,55.250389974576265,1
15,19,25.06406927480916,55.21232924427481,1
15,20,25.26173732,55.43163396,1
15,21,25.087786666666666,55.311845023809525,1
15,22,25.044829185185183,55.253249790123455,1
15,23,25.187586828703704,55.2617975787037,1
15,24,25.043738444444443,55.11925937606837,1
15,25,24.969188609756095,55.20362265853658,1
15,26,25.12487820547945,55.41768419178082,1
15,27,25.09970551908397,55.17671947709924,1
15,28,25.07290383009709,55.13777217475729,1
15,29,25.26827366153846,55.322950169230765,1
15,30,25.22455987356322,55.283735120689656,1
15,31,25.15628381512605,55.230515512605045,1
15,32,25.294857964285715,55.37462262142857,1
15,33,25.119259389830507,55.2027195819209,1
15,34,25.22959512121212,55.38891722727273,1
15,35,25.132781183098594,55.12225842253521,1
15,36,25.16644343859649,55.30578410526316,1
15,37,25.22706849044586,55.321063636942675,1
15,38,24.990585125,55.3836115,1
15,39,25.227062959183677,55.430717612244905,1
15,40,24.880052733333333,55.158690533333335,1
15,41,25.168169351851855,55.41281552777778,1
15,42,25.217171759036145,55.35023843373494,1
15,43,25.26485340625,55.3892073125,1
15,44,25.26945143609023,55.30187251879699,1
15,45,25.120079918918922,55.22119164864865,1
15,46,24.999407338235294,55.16073176470588,1
15,47,25.01789207317073,55.25754165853659,1
15,48,25.121924513513513,55.391666873873874,1
15,49,25.18111836842105,55.37149368421052,1
15,50,25.033284388888887,55.186054125,1
15,51,25.182309425742574,55.23682068316832,1
15,52,25.213006742857143,55.27757612,1
15,53,25.18416453333333,55.27592435555555,1
15,54,25.250922977011495,55.33539374712644,1
15,55,25.06446505487805,55.24260600609756,1
15,56,25.285028492537315,55.40630846268657,1
15,57,25.091242056603775,55.37627666037736,1
15,58,24.8550088,55.0634898,1
15,59,25.036513280898877,55.14672350561798,1
15,60,24.973251545454545,55.026033090909095,1
15,61,25.268152005917162,55.36331638461539,1
15,62,25.154532500000002,55.51388,1
15,63,25.07079776470588,55.40515970588235,1
15,64,25.25704134751773,55.29019467375886,1
15,65,25.0427103697479,55.22515054621849,1
15,66,25.139828580952383,55.19340417142857,1
15,67,25.288870152542373,55.31270140677967,1
15,68,25.05425583076923,55.202097984615385,1
15,69,24.910322249999997,55.11563916666666,1
15,70,25.2410796,55.4881486,1
15,71,25.141275831683167,55.22192756435644,1
15,72,25.17050077419355,55.45356293548387,1
15,73,25.115164999999998,55.24982324719101,1
15,74,25.111098304347824,55.112385652173906,1
15,75,24.971036875,55.1430840625,1
15,76,25.099687323529412,55.16298576890756,1
15,77,25.189534786885243,55.29404742622951,1
15,78,25.21678332692308,55.41240425,1
15,79,25.154879170731707,55.394245,1
15,80,25.226427808510635,55.26143012765958,1
15,81,25.061055341463415,55.17387429268293,1
15,82,25.206729915887852,55.26079035514019,1
15,83,25.23718639130435,55.29941513043478,1
16,0,25.158873752941176,55.402521117647055,1
16,1,25.11643043364929,55.200285637440764,1
16,2,25.24037695135135,55.30570261081081,1
16,3,25.034248304878048,55.14495695121952,1
16,4,25.183020215053762,55.27402440860215,1
16,5,25.04203832075472,55.22434043396226,1
16,6,25.283715205882352,55.40728682352941,1
16,7,25.092290286407767,55.15308901456311,1
16,8,24.979373244444442,55.08891037777778,1
16,9,25.26578186607143,55.36468157589286,1
16,10,25.155743687074832,55.22906783673469,1
16,11,25.235535683794467,55.28239975889328,1
16,12,25.22962706521739,55.42930591304348,1
16,13,25.07383653125,55.3999165,1
16,14,25.285192278688527,55.32783932786885,1
16,15,25.114163188235295,55.251206541176465,1
16,16,25.206372736625514,55.26952523045267,1
16,17,25.12172231034483,55.387522220689654,1
16,18,24.965505000000004,55.20110760869566,1
16,19,24.882885108695653,55.15601136956522,1
16,20,25.04540066101695,55.25335077966102,1
16,21,24.963433833333337,55.03999191666667,1
16,22,25.128794237037035,55.11943895555556,1
16,23,25.255650581673304,55.301092027888444,1
16,24,25.188212358490567,55.29525976415094,1
16,25,25.077240482300883,55.14672018141593,1
16,26,25.046669708661415,55.20380771653543,1
16,27,25.246676527131783,55.35555823255814,1
16,28,25.086051641509435,55.31376115094339,1
16,29,25.179324155172413,55.37509122413793,1
16,30,25.002768976744186,55.15983013953488,1
16,31,24.918911517241376,55.009115379310344,1
16,32,25.218557095571096,55.28130303030303,1
16,33,25.098122721991704,55.1773216846473,1
16,34,25.211254133333334,55.25373293333333,1
16,35,25.170903580645163,55.41271841935484,1
16,36,24.986883357142858,55.387890642857144,1
16,37,25.229481947916668,55.3897748125,1
16,38,25.127265064516127,55.2397374516129,1
16,39,25.064505297619046,55.241921607142864,1
16,40,25.291385579545455,55.38506667045454,1
16,41,25.113110126903553,55.14278074111675,1
16,42,25.148563779411766,55.250760838235294,1
16,43,25.268005992063493,55.32914554761905,1
16,44,25.219068458823532,55.34988424705882,1
16,45,25.280409509803924,55.350860764705885,1
16,46,25.14976833333333,55.47784625,1
16,47,25.140890830357144,55.193989446428574,1
16,48,25.18457901265823,55.23062705063291,1
16,49,25.178381135135133,55.44695570270271,1
16,50,25.039304714285716,55.17951382857143,1
16,51,25.10508287603306,55.37507575206612,1
16,52,25.10086682872928,55.240412779005524,1
16,53,24.96624669565217,55.14840652173913,1
16,54,25.188478976973684,55.26090277302632,1
16,55,25.13950137614679,55.22447881651376,1
16,56,25.278246600000003,55.30395102424242,1
16,57,25.23191637931034,55.266886350574715,1
16,58,25.14941965217391,55.29574026086957,1
16,59,25.016264518518515,55.28965837037037,1
16,60,25.261639310344826,55.435960517241384,1
16,61,25.19680908641975,55.2806590144033,1
16,62,25.1724244,55.242857666666666,1
16,63,25.210617352112674,55.411523028169015,1
16,64,25.016836173076925,55.252428249999994,1
16,65,25.043592187919465,55.119543791946306,1
16,66,25.260138406779664,55.28882773446328,1
16,67,24.818356,55.251305,1
16,68,25.260053923076924,55.39548961538461,1
16,69,24.860676666666667,55.06105933333333,1
16,70,25.09503182051282,55.20364861538462,1
16,71,25.063741567073173,55.21174401219512,1
16,72,25.17293080769231,55.31083657692307,1
16,73,25.251137962765956,55.33471945212766,1
16,74,25.123216302816903,55.216262718309856,1
16,75,25.24032733333333,55.52248666666667,1
16,76,25.163823789473685,55.21158529323308,1
16,77,25.22589795783133,55.322292228915664,1
16,78,25.12636547826087,55.41619701449276,1
16,79,25.07187306751055,55.1353416329114,1
16,80,25.29293565591398,55.36836117204301,1
16,81,25.26669375882353,55.318654929411764,1
16,82,25.101488714285715,55.16777008695652,1
16,83,24.90845336363636,55.11490609090909,1
17,0,25.113693153846153,55.1960220979021,1
17,1,25.24808397953216,55.30307799122807,1
17,2,25.114845241758243,55.373740565934064,1
17,3,25.20211218390805,55.271344302681996,1
17,4,22.2235,53.36509,1
17,5,25.03952557894737,55.13810058947368,1
17,6,25.294632570135747,55.37380933484163,1
17,7,25.083124602739726,55.14723327123288,1
17,8,25.053132853535352,55.20579141919192,1
17,9,24.882754418604648,55.155580953488375,1
17,10,25.220029629441623,55.35029514720812,1
17,11,25.21656824050633,55.4135322278481,1
17,12,25.157280837078652,55.229991634831464,1
17,13,25.041748555555554,55.26076056790123,1
17,14,24.916179418604653,55.01046374418604,1
17,15,25.106161077738516,55.24415221908127,1
17,16,25.129661081218277,55.11835129441625,1
17,17,25.22581108588957,55.2861172392638,1
17,18,24.990396733333334,55.09403815555556,1
17,19,25.099602403963416,55.17379812347561,1
17,20,25.15129152777778,55.296111805555554,1
17,21,25.166254726775957,55.40920843169398,1
17,22,25.26863660948905,55.36687872992701,1
17,23,24.989752045454544,55.385254818181814,1
17,24,25.17434910619469,55.31122901769911,1
17,25,25.084608142857142,55.31524376190476,1
17,26,25.070307207823962,55.141716623471886,1
17,27,25.183790670822944,55.27457360598504,1
17,28,25.266912299674267,55.323149703583056,1
17,29,25.110315615141957,55.14121200946372,1
17,30,24.97312906976744,55.19389079069768,1
17,31,25.2857203625,55.402675662499995,1
17,32,25.174345844444446,55.45259275555555,1
17,33,25.139414818565402,55.19200789451477,1
17,34,25.01612898181818,55.252491345454544,1
17,35,25.121015967105265,55.21987783552632,1
17,36,24.958043392857142,55.07161428571429,1
17,37,25.22624762962963,55.4328872962963,1
17,38,25.125521726027397,55.41877739726027,1
17,39,25.17980094857143,55.236986331428575,1
17,40,25.635098,55.257977,1
17,41,25.04209872222222,55.11658059876543,1
17,42,25.06293274883721,55.24306934883721,1
17,43,25.22804100591716,55.38895062721893,1
17,44,25.146905195,55.250795095,1
17,45,25.240072132275134,55.27695518518519,1
17,46,25.270217678294575,55.3033478992248,1
17,47,25.23478473,55.31716227,1
17,48,25.196530430909093,55.28062702727273,1
17,49,25.075031797342195,55.13134116943522,1
17,50,25.244848753554503,55.35729127488152,1
17,51,25.18829190022173,55.261651252771614,1
17,52,25.07893513559322,55.39144823728813,1
17,53,25.064738937172773,55.21458526178011,1
17,54,25.230978568862277,55.26555223353294,1
17,55,25.187972580838323,55.29483592814371,1
17,56,25.12232245925926,55.393076977777774,1
17,57,25.06159929411765,55.17888952941176,1
17,58,25.264095,55.43845436666666,1
17,59,25.163564341614904,55.21100926086957,1
17,60,25.251506193548387,55.33497802688172,1
17,61,25.17991656923077,55.37012723076923,1
17,62,25.03763995,55.1583009875,1
17,63,25.25999212903226,55.394415903225806,1
17,64,25.00321149350649,55.15500872727272,1
17,65,25.006755583333334,55.29418427777778,1
17,66,25.21391137627812,55.27904872801636,1
17,67,25.296178509803923,55.31140056862745,1
17,68,24.965913136363636,55.14728,1
17,69,25.209869885714287,55.25440476,1
17,70,25.119476084309134,55.20412902810305,1
17,71,25.094030492907798,55.15564588652482,1
17,72,25.09744635714286,55.203322053571426,1
17,73,25.235181529411765,55.48914770588235,1
17,74,25.04174294957983,55.229925579831935,1
17,75,25.281824508064513,55.34803467741935,1
17,76,24.896437384615385,55.10230015384616,1
17,77,24.985995727272726,55.036576545454544,1
17,78,25.033873801526717,55.1968191908397,1
17,79,25.257941822393825,55.29239032432432,1
17,80,25.220030375,55.32551622794118,1
17,81,25.132215581395347,55.14848472093023,1
17,82,25.189400093023256,55.40314518604651,1
17,83,25.140792295597485,55.221808119496856,1
18,0,25.089966493917274,55.14947999270073,1
18,1,25.239297939759037,55.30854395783132,1
18,2,25.11696870672098,55.201801134419554,1
18,3,25.12655876119403,55.414253119402986,1
18,4,25.188035309523812,55.26209282010582,1
18,5,25.058685857723578,55.24339462601626,1
18,6,25.26951512621359,55.3740807184466,1
18,7,24.9162846,55.006851742857144,1
18,8,25.034161074380165,55.19378946280992,1
18,9,25.213887517102613,55.278644718309856,1
18,10,25.032405708333336,55.150092541666666,1
18,11,25.148013272189345,55.22663490532545,1
18,12,25.17365382222222,55.41017883703704,1
18,13,25.26629365060241,55.322736536144575,1
18,14,25.008065285714284,55.29606504761905,1
18,15,25.12715024516129,55.1170627483871,1
18,16,25.228142561151078,55.38883891366906,1
18,17,25.258052852017936,55.29083256502242,1
18,18,25.114669057471264,55.24774027586207,1
18,19,25.074914333333336,55.13172353571428,1
18,20,25.18840384328358,55.29411656716418,1
18,21,25.098189161654137,55.17288903759398,1
18,22,25.107887826086955,55.37017659130435,1
18,23,24.976656176470588,55.193830705882355,1
18,24,25.206605676056338,55.34410208450704,1
18,25,25.201659345724906,55.27174554275093,1
18,26,25.268413733333333,55.4303182,1
18,27,25.294495426966293,55.374418207865176,1
18,28,24.975016888888888,55.08354486666667,1
18,29,25.043683035175878,55.121693793969854,1
18,30,25.064767808510638,55.21536700531915,1
18,31,25.235022968911917,55.273806414507774,1
18,32,25.246384364016738,55.356277075313805,1
18,33,25.139128447236182,55.19130474371859,1
18,34,25.100073713375796,55.24117065605096,1
18,35,25.085008857142856,55.31396691836735,1
18,36,24.98674275,55.382594875,1
18,37,24.86814,55.16597914285715,1
18,38,25.112612445,55.13820125,1
18,39,25.19951234615385,55.24095124358975,1
18,40,25.016294249999998,55.250171321428574,1
18,41,25.173003741935485,55.45107819354839,1
18,42,25.281635527272726,55.35240636363636,1
18,43,25.213621811320756,55.40957675471698,1
18,44,25.00306978313253,55.15919577108434,1
18,45,25.04121615492958,55.22645675352113,1
18,46,25.162002159663864,55.21108068067227,1
18,47,25.17417922377622,55.23721281118881,1
18,48,25.07092479951691,55.14124952173913,1
18,49,25.056886133333332,55.20027177777777,1
18,50,25.251561969594594,55.30189094594595,1
18,51,25.077495292682926,55.39716429268292,1
18,52,25.215230538461537,55.2580118041958,1
18,53,25.1745143030303,55.308886292929294,1
18,54,25.287973948275862,55.318044120689656,1
18,55,25.184129533123027,55.274855154574134,1
18,56,25.155826358490565,55.401675754716976,1
18,57,25.224437116666667,55.352461891666664,1
18,58,25.037857912499998,55.2673788125,1
18,59,25.309607,55.067776,1
18,60,25.146190831081082,55.251025141891894,1
18,61,25.25840506666667,55.39434848888888,1
18,62,24.983908,55.028535000000005,1
18,63,25.2392425,55.478056800000005,1
18,64,25.175565975609754,55.3704467804878,1
18,65,25.15132036,55.29617864,1
18,66,25.28517675531915,55.40232523404256,1
18,67,25.2654616484375,55.3598561328125,1
18,68,25.13646143548387,55.1399629516129,1
18,69,25.25196975203252,55.333855398373984,1
18,70,25.09209053191489,55.20472959574468,1
18,71,24.833439,55.371166,1
18,72,25.107191144578316,55.14630262650602,1
18,73,25.244850705882353,55.25810008823529,1
18,74,25.26985251851852,55.30311719907407,1
18,75,25.07652759090909,55.15497951948053,1
18,76,25.11001383018868,55.185564735849056,1
18,77,25.22820227659574,55.42977823404255,1
18,78,25.224410374358975,55.32456517948717,1
18,79,25.120795591836735,55.38663402721089,1
18,80,25.225885854545457,55.285797280000004,1
18,81,25.124257643835616,55.215561849315066,1
18,82,24.964698,55.13394604545454,1
18,83,25.196059998087954,55.28084301720841,1
19,0,25.055425794258376,55.20366170334928,1
19,1,25.265841284916203,55.32133811731844,1
19,2,25.18831468695652,55.28725917391304,1
19,3,25.111888657289004,55.143312567774935,1
19,4,25.24684813157895,55.3560049757085,1
19,5,25.116996019512193,55.38093074634146,1
19,6,25.11832129662921,55.204575813483146,1
19,7,25.001088354838707,55.162964505376344,1
19,8,25.073285543259555,55.141446814889335,1
19,9,25.158674651612905,55.400665341935486,1
19,10,25.956127,56.06691,1
19,11,24.976276074074075,55.07919674074074,1
19,12,25.211528078125,55.27736753385417,1
19,13,25.15570995804196,55.22914016783217,1
19,14,25.07921572727273,55.30832747474747,1
19,15,25.295074332075473,55.37388441509434,1
19,16,25.044075907692307,55.246008338461536,1
19,17,25.27197,56.580456,1
19,18,25.21849367948718,55.41410565384615,1
19,19,25.24178337237237,55.305799066066065,1
19,20,25.046798802083334,55.13573358333333,1
19,21,24.992264857142857,55.3933655,1
19,22,25.0985515,55.17374863584906,1
19,23,25.115590715909093,55.25111029545455,1
19,24,25.234627453074435,55.273175504854365,1
19,25,25.188292402739723,55.261093531506845,1
19,26,25.266066633204634,55.360826714285714,1
19,27,24.918677407407408,55.0109672962963,1
19,28,25.27039104676259,55.30332796043165,1
19,29,24.97208344117647,55.14683244117647,1
19,30,25.443953,55.76075,1
19,31,25.224431879310345,55.32452401724138,1
19,32,25.229051388888887,55.38933158333334,1
19,33,25.276028444444442,55.33220247222223,1
19,34,25.137665621495326,55.19117009345795,1
19,35,25.08788542883549,55.15019154713494,1
19,36,25.132740651851854,55.123042696296295,1
19,37,25.07369583783784,55.4012237027027,1
19,38,25.060106400000002,55.17026670526315,1
19,39,25.186479305084745,55.3911413559322,1
19,40,25.006222,55.296282624999996,1
19,41,25.147310269461077,55.250683910179646,1
19,42,25.28562962962963,55.40148819444445,1
19,43,25.197059078384797,55.27863051306414,1
19,44,25.169628155963302,55.305682412844035,1
19,45,24.966499666666667,55.20600754166667,1
19,46,25.220903983606558,55.28151464918033,1
19,47,24.8616478,55.06412780000001,1
19,48,25.01547407407407,55.25487742592592,1
19,49,25.252212779264216,55.33378044481605,1
19,50,25.25595201223776,55.29584594055944,1
19,51,25.19983285,55.241268950000006,1
19,52,25.1003845078125,55.240171515625,1
19,53,25.035443055555557,55.19479135185185,1
19,54,25.2680901,55.38131204666667,1
19,55,25.063095352331604,55.24229748186529,1
19,56,25.182318978915664,55.272856283132526,1
19,57,25.225268279069766,55.436949744186045,1
19,58,25.22479481188119,55.35387158415842,1
19,59,25.202923041666665,55.34499356944444,1
19,60,25.160737628318586,55.210677796460175,1
19,61,25.133147729927007,55.224193875912405,1
19,62,25.127671788461537,55.4169855,1
19,63,25.287283942857144,55.31564956190476,1
19,64,25.03956860215054,55.22398275268817,1
19,65,25.074593253822627,55.13151048012233,1
19,66,25.02216095,55.108695725,1
19,67,24.87181288888889,55.147664999999996,1
19,68,25.17107771005917,55.41425786390532,1
19,69,25.282615288343557,55.35363564417178,1
19,70,25.26526275,55.434484625,1
19,71,25.113822983673472,55.19427011020408,1
19,72,25.043914985714288,55.11786359285714,1
19,73,25.21199121276596,55.25977229078014,1
19,74,25.231456859756097,55.28892628658537,1
19,75,25.030879066666667,55.14956934285715,1
19,76,24.887127,55.545017,1
19,77,25.2444138,55.5122026,1
19,78,25.17654148360656,55.237577303278684,1
19,79,25.09395518,55.20567796,1
19,80,25.043244171428572,55.27732522857143,1
19,81,25.06345815,55.215872643750004,1
19,82,25.08853702,55.371056040000006,1
19,83,25.108912396226415,55.11385513207547,1
20,0,25.190198837209305,55.40229955813954,1
20,1,25.11884833972603,55.205266668493145,1
20,2,25.229683005524866,55.28798831491712,1
20,3,25.07434367313916,55.13047037216828,1
20,4,25.2477941511254,55.35001083601286,1
20,5,28.200407,56.56211,1
20,6,25.08844404651163,55.375280209302325,1
20,7,25.18760155457227,55.26161819174042,1
20,8,25.03231981632653,55.19567332653062,1
20,9,25.257932416873448,55.291814526054594,1
20,10,25.283612979381445,55.40158536082474,1
20,11,25.088724658192092,55.1515353361582,1
20,12,26.574215,55.542164,1
20,13,25.196399118421056,55.28075233971292,1
20,14,24.975415481481484,55.08557459259259,1
20,15,25.16857471604938,55.244812592592595,1
20,16,25.003696186666666,55.157132520000005,1
20,17,25.125115787878787,55.42260954545454,1
20,18,25.089495135135135,55.31475227027027,1
20,19,25.26666265683646,55.32564372654156,1
20,20,25.2142795,55.25789725373134,1
20,21,25.111345946308724,55.14285336912752,1
20,22,25.098632334134614,55.17439522596154,1
20,23,25.104164914438506,55.243245689839576,1
20,24,25.285280508771933,55.36113038596491,1
20,25,25.04532864285714,55.25112564285714,1
20,26,25.056178572222223,55.20411425,1
20,27,25.170674118055555,55.414660812499996,1
20,28,25.041109089655173,55.11677828965517,1
20,29,25.219832916083917,55.325185685314686,1
20,30,25.121214337662337,55.39439228571429,1
20,31,25.210149014218008,55.27443718483413,1
20,32,25.22529763636364,55.43376785454545,1
20,33,25.030741408163266,55.1483882244898,1
20,34,24.99176682352941,55.3862634117647,1
20,35,24.9157878,55.01575390000001,1
20,36,25.180751575,55.30234170000001,1
20,37,24.947724666666666,55.2174254,1
20,38,25.234933289940827,55.27381487869822,1
20,39,25.28388254861111,55.31654171527778,1
20,40,25.015534148936172,55.25252519148936,1
20,41,25.153875437956206,55.228437868613135,1
20,42,25.23237720754717,55.39122246226415,1
20,43,25.14275506707317,55.25103031097561,1
20,44,25.26757975102041,55.368021269387754,1
20,45,25.218093505952382,55.348340928571425,1
20,46,25.13252390625,55.12234926041666,1
20,47,25.079313129577468,55.142244774647885,1
20,48,25.074064740740738,55.401606370370374,1
20,49,25.136760645161292,55.189857116129026,1
20,50,25.223661833333335,55.5208975,1
20,51,25.183286593639576,55.27653130742049,1
20,52,25.26634810784314,55.31684991176471,1
20,53,25.253762025210087,55.33173498319328,1
20,54,25.182787541666666,55.37319266666666,1
20,55,25.279783608187135,55.34583706432749,1
20,56,25.116087904,55.373159528,1
20,57,25.13221277272727,55.22277695454545,1
20,58,25.066133265822785,55.21380884177215,1
20,59,25.18008191549296,55.229771549295776,1
20,60,25.270301064705883,55.30291075294118,1
20,61,25.06828311818182,55.140809522727274,1
20,62,25.216924989473682,55.281209218421054,1
20,63,25.244303362676057,55.361200376760564,1
20,64,24.9744587,55.17175633333333,1
20,65,25.20183422222222,55.24332526388889,1
20,66,25.24825714180929,55.30222451100244,1
20,67,25.112106255882352,55.19686663235294,1
20,68,25.158576469387754,55.21028097959183,1
20,69,25.26360890625,55.44077465625,1
20,70,25.23645901734104,55.31453034104046,1
20,71,24.867014,55.145166999999994,1
20,72,25.063218822033896,55.24025840677967,1
20,73,25.21689869230769,55.41377318461539,1
20,74,25.07199439805825,55.30593236893204,1
20,75,25.158843421768708,55.40087875510204,1
20,76,25.197791829959513,55.27081893927125,1
20,77,25.04189191,55.2240913,1
20,78,25.047499607142857,55.13423795238096,1
20,79,25.019590675675676,55.284667324324325,1
20,80,25.1057449375,55.11482528125,1
20,81,25.2951575875,55.374602725,1
20,82,25.053237854166667,55.17222904166667,1
20,83,25.151962903225808,55.293170258064514,1
21,0,25.18298833864542,55.27662282470119,1
21,1,25.110750849802372,55.14283233596838,1
21,2,25.254016721254352,55.33110811149826,1
21,3,25.821974,62.475266,1
21,4,25.101984639534887,55.240798494186045,1
21,5,25.12099033333333,55.39622729333333,1
21,6,25.033482611764708,55.14940790588235,1
21,7,25.229321563106794,55.38897537864078,1
21,8,25.042079795454548,55.22363464772727,1
21,9,25.117927104545455,55.20291001590909,1
21,10,25.2279011797235,55.28675788479263,1
21,11,25.086682804945053,55.149116398351644,1
21,12,25.267207883495143,55.38263886407767,1
21,13,24.20958,54.694412,1
21,14,25.07567003783784,55.30780645405405,1
21,15,25.167436938461538,55.21643970769231,1
21,16,24.96696088235294,55.15041811764706,1
21,17,25.248241123809525,55.350511336507935,1
21,18,25.258403612068964,55.29146796839081,1
21,19,25.189356108695655,55.395241086956524,1
21,20,25.09926893069307,55.17448938118812,1
21,21,25.164076763157897,55.246231087719295,1
21,22,25.04319376666667,55.1205667,1
21,23,24.991036625,55.3825891875,1
21,24,25.06670371724138,55.2143065724138,1
21,25,24.955509142857146,55.07201257142857,1
21,26,25.228225424657534,55.43007983561644,1
21,27,25.213911711670484,55.278276787185355,1
21,28,25.224301750000002,55.322493548780486,1
21,29,25.19583003187251,55.26992905179283,1
21,30,25.280977036809816,55.31744830674847,1
21,31,25.069559033333334,55.404714766666665,1
21,32,25.074591227586208,55.1304219,1
21,33,25.293953674846627,55.367819815950924,1
21,34,25.2023321,55.344504099999995,1
21,35,25.283714505882354,55.405474152941174,1
21,36,25.241680322916668,55.30451668055556,1
21,37,25.009693,55.29458494736841,1
21,38,25.262657,54.807667,1
21,39,25.128737430656933,55.12128612408759,1
21,40,24.847286999999998,55.177638333333334,1
21,41,25.056059066115704,55.24549732231405,1
21,42,25.034990723404253,55.19572959574468,1
21,43,25.183027137931035,55.29841019827586,1
21,44,25.157081759615384,55.40171890384616,1
21,45,25.15096833116883,55.226316629870134,1
21,46,25.12963229411765,55.42300635294117,1
21,47,25.192254544444445,55.2397349,1
21,48,24.969620666666668,55.20128354166667,1
21,49,25.002761069444446,55.15714588888889,1
21,50,25.29497796,55.38492306,1
21,51,25.055962737931033,55.20351511034483,1
21,52,25.151061911764707,55.29844297058823,1
21,53,25.393228,55.1920795,1
21,54,25.26934170673077,55.36181636538462,1
21,55,25.115195144067794,55.37405924576271,1
21,56,25.22439003731343,55.35370429104478,1
21,57,25.2538403772242,55.30242235587188,1
21,58,24.909791333333335,55.01554458333334,1
21,59,25.17230754054054,55.36807981081081,1
21,60,25.019037360000002,55.25820628,1
21,61,25.073345297820822,55.140315956416465,1
21,62,25.282844664772725,55.34906362499999,1
21,63,25.187505074626866,55.260974623134324,1
21,64,25.13698478817734,55.190956591133,1
21,65,25.235142580071173,55.27395549822064,1
21,66,25.00412813333333,55.10028426666667,1
21,67,25.270863195195194,55.30301055555556,1
21,68,25.265490527415142,55.319154522193216,1
21,69,25.265373185185187,55.43278840740741,1
21,70,25.109437531707318,55.1960066292683,1
21,71,25.213789643835614,55.25844398630137,1
21,72,25.268979402597402,55.32756947186147,1
21,73,25.16945966666667,55.45078811111111,1
21,74,25.14159815503876,55.25033214728682,1
21,75,24.849941,55.34488,1
21,76,25.196595031729785,55.28035389252815,1
21,77,25.214938016129032,55.413135435483866,1
21,78,25.088086243243243,55.37522227027027,1
21,79,25.2457,55.48249827272728,1
21,80,25.24464162837838,55.36090006081081,1
21,81,25.064238659574468,55.16937142553192,1
21,82,25.12595270967742,55.22141579032258,1
21,83,25.16946902255639,55.41338667669173,1
22,0,25.272066882978724,55.31629342553192,1
22,1,25.098729424836602,55.17507701960784,1
22,2,25.188286265625,55.2881618203125,1
22,3,25.173187024390245,55.41552654471545,1
22,4,25.06887053125,55.1382679125,1
22,5,25.074305725581393,55.307465409302324,1
22,6,25.13137206862745,55.222516019607845,1
22,7,25.278740943396226,55.36364801886793,1
22,8,25.067461471014493,55.21338664492754,1
22,9,25.24856714507772,55.351351588082906,1
22,10,24.873248555555556,55.11125311111111,1
22,11,25.123967943396227,55.396915452830186,1
22,12,25.230735724806202,55.27160484883721,1
22,13,24.998666431818183,55.15843472727273,1
22,14,25.134171237500002,55.121959825,1
22,15,25.260012391534392,55.29299328306878,1
22,16,25.135490256756757,55.1883745,1
22,17,25.1755630375,55.236675412500006,1
22,18,25.752235,54.79548,1
22,19,25.227069704225354,55.433625267605635,1
22,20,25.088605111524164,55.14979449814126,1
22,21,25.260917074074072,55.41611755555555,1
22,22,25.012882242424244,55.25282766666667,1
22,23,25.22439631764706,55.3223405,1
22,24,25.153830880434786,55.24997311956521,1
22,25,25.118444624223603,55.20452419875776,1
22,26,25.15933453968254,55.21088088888889,1
22,27,25.043046517857142,55.120617208333336,1
22,28,25.25294186639676,55.3318086194332,1
22,29,25.191324046511628,55.26423048837209,1
22,30,24.9511738,55.055167000000004,1
22,31,25.158937421052634,55.400290210526315,1
22,32,25.04180775925926,55.22953420370371,1
22,33,25.031453648648647,55.147983040540545,1
22,34,25.22769438202247,55.388522573033704,1
22,35,25.111392544401546,55.14242593050193,1
22,36,25.224436037878785,55.352796833333336,1
22,37,25.293730414893616,55.38321270212766,1
22,38,24.96059335,55.20581935,1
22,39,25.24161829773463,55.304790061488674,1
22,40,25.102769264957264,55.24080607692307,1
22,41,25.07808464516129,55.390054,1
22,42,25.289168322580643,55.32920124193548,1
22,43,25.22920812903226,55.28820415483871,1
22,44,25.184406765957448,55.3827605106383,1
22,45,25.115954922330097,55.37421027184467,1
22,46,24.816391,55.2311665,1
22,47,25.04017802631579,55.25853976315789,1
22,48,25.161432794871796,55.300328179487174,1
22,49,25.27097388442211,55.303515115577895,1
22,50,24.991815333333335,55.37881166666667,1
22,51,25.078231537993922,55.14150093617022,1
22,52,25.03400322972973,55.193559648648645,1
22,53,25.26544149586777,55.35990790909091,1
22,54,25.202343643776825,55.269302721030044,1
22,55,25.295198366412215,55.3694923740458,1
22,56,25.263356159999997,55.323505745714286,1
22,57,25.15487566666667,55.03005233333334,1
22,58,25.15386561682243,55.22834351401869,1
22,59,25.205738041322313,55.24652080165289,1
22,60,25.281223038961038,55.34936491558441,1
22,61,25.2481845,55.47389975,1
22,62,25.284455444444447,55.40383729166667,1
22,63,24.982647166666666,55.09638591666667,1
22,64,25.135875654761907,55.252797916666665,1
22,65,25.183250082089554,55.25947098507463,1
22,66,25.196749484780156,55.280258568207444,1
22,67,25.21762474285714,55.41227764285714,1
22,68,25.24473570967742,55.36106253629032,1
22,69,25.184881852813852,55.27596397835498,1
22,70,25.058172859649122,55.16483607017544,1
22,71,25.24387257364341,55.28084688372093,1
22,72,25.272604372549022,55.32883016339869,1
22,73,25.075149523364484,55.12960646261682,1
22,74,25.11214835925926,55.19780375185185,1
22,75,25.00305883333333,55.297956666666664,1
22,76,25.214662527322403,55.279372997267764,1
22,77,25.253432151202748,55.30283393127148,1
22,78,25.056149504424777,55.203480407079645,1
22,79,25.110062181818183,55.11553313636364,1
22,80,25.065346509433965,55.23955626415094,1
22,81,24.913262333333336,55.01134266666667,1
22,82,25.19776436,55.34464424,1
22,83,25.26633478021978,55.37967673626374,1
23,0,25.188247497975706,55.261164141700405,1
23,1,25.26411602211302,55.3249541941032,1
23,2,25.08763037444934,55.14988901762114,1
23,3,25.119439083333333,55.390961187500004,1
23,4,25.111482282407408,55.19610397685186,1
23,5,25.265413307692306,55.35989217582418,1
23,6,24.961644,55.14073976190476,1
23,7,25.07408587654321,55.30686929012346,1
23,8,25.06470278021978,55.21485646153846,1
23,9,25.22874193367347,55.287434964285715,1
23,10,25.1721039453125,55.412973890625,1
23,11,25.1545561010101,55.22810754545455,1
23,12,25.248447174825177,55.35112340559441,1
23,13,24.866335,55.973225,1
23,14,24.946543,54.166748,1
23,15,25.244242684684682,55.29998889189189,1
23,16,25.072705216802166,55.1334293306233,1
23,17,25.27149644537815,55.30430419537815,1
23,18,25.198826309322033,55.27155641101695,1
23,19,25.229281565656567,55.38933724242424,1
23,20,25.279456811881186,55.36173913861386,1
23,21,25.06628566,55.23965484,1
23,22,25.129953285714286,55.12148023076923,1
23,23,25.229644869565217,55.43202880434783,1
23,24,25.004134212121212,55.15936243939394,1
23,25,24.989389444444445,55.39689577777777,1
23,26,25.098687106122448,55.17506133469387,1
23,27,25.162766273809524,55.24738414285715,1
23,28,25.517574,54.956604,1
23,29,25.220586296,55.351006240000004,1
23,30,25.11886005194805,55.203854094155844,1
23,31,25.258946333333334,55.39672287179488,1
23,32,24.823162,55.662262,1
23,33,25.258788111627908,55.29173610232558,1
23,34,25.04263792727273,55.24833027272727,1
23,35,25.04776294827586,55.133941827586206,1
23,36,25.214901426900585,55.27961490058479,1
23,37,25.102919807228915,55.24021648192771,1
23,38,25.1885819,55.28885011666667,1
23,39,25.080554852941177,55.38551358823529,1
23,40,25.223467217391306,55.32376296521739,1
23,41,25.277022423913042,55.31443871195653,1
23,42,25.21869070886076,55.254068253164554,1
23,43,25.278420153333332,55.32985372,1
23,44,25.234119975438595,55.274393656140354,1
23,45,25.135741807017546,55.18801552046784,1
23,46,25.109955223602487,55.14219100621118,1
23,47,25.157127444444445,55.40176369135803,1
23,48,25.036328666666666,55.193728925925925,1
23,49,25.281610836956524,55.349178788043474,1
23,50,25.244468992462313,55.36105247989949,1
23,51,25.138845990291262,55.25061016504854,1
23,52,24.915836,55.22066,1
23,53,25.131982238095237,55.428776428571425,1
23,54,25.253252190615832,55.33223195601173,1
23,55,25.24328475,55.4753045,1
23,56,25.275486380000004,55.419031679999996,1
23,57,24.9700255,55.202648357142856,1
23,58,25.239446258992807,55.31180330215827,1
23,59,25.183997317073167,55.386731073170736,1
23,60,25.154504340425532,55.20635687234043,1
23,61,25.176020136363636,55.22150738636364,1
23,62,25.077762003174605,55.14290725714286,1
23,63,25.184599839622642,55.275125915094335,1
23,64,25.28968610588235,55.39102994117647,1
23,65,25.04201538983051,55.22371213559322,1
23,66,25.04097218181818,55.116325227272725,1
23,67,25.055673361904763,55.202407199999996,1
23,68,24.927885500000002,55.007889,1
23,69,25.017162846153845,55.26699784615384,1
23,70,25.120308,55.536263,1
23,71,25.03240955172414,55.150039724137926,1
23,72,25.254411344,55.303803148,1
23,73,25.266676482758623,55.31603209195403,1
23,74,25.16446982051282,55.30216948717949,1
23,75,25.198304597560973,55.24249925609755,1
23,76,25.131087494382022,55.2242351011236,1
23,77,25.19621615099338,55.28022574172186,1
23,78,25.218392266666665,55.412286933333334,1
23,79,25.295282492537314,55.369491268656716,1
23,80,25.113097462686568,55.37287643283582,1
23,81,25.271598383177572,55.374213532710286,1
23,82,25.205666357664235,55.266912802919705,1
23,83,25.16839836842105,55.3519877368421,1
